ISO-10303-21;
HEADER;
FILE_DESCRIPTION(('Open CASCADE Model'),'2;1');
FILE_NAME('Open CASCADE Shape Model','2026-09-17T19:42:05',('Author'),(
    'Open CASCADE'),'Open CASCADE STEP processor 7.9','Open CASCADE 7.9'
  ,'Unknown');
FILE_SCHEMA(('AUTOMOTIVE_DESIGN { 1 0 10303 214 1 1 1 1 }'));
ENDSEC;
DATA;
#1 = APPLICATION_PROTOCOL_DEFINITION('international standard',
  'automotive_design',2000,#2);
#2 = APPLICATION_CONTEXT(
  'core data for automotive mechanical design processes');
#3 = SHAPE_DEFINITION_REPRESENTATION(#4,#10);
#4 = PRODUCT_DEFINITION_SHAPE('','',#5);
#5 = PRODUCT_DEFINITION('design','',#6,#9);
#6 = PRODUCT_DEFINITION_FORMATION('','',#7);
#7 = PRODUCT('DEUTSCH_DTM13-12P-R005_Horizontal',
  'DEUTSCH_DTM13-12P-R005_Horizontal','',(#8));
#8 = PRODUCT_CONTEXT('',#2,'mechanical');
#9 = PRODUCT_DEFINITION_CONTEXT('part definition',#2,'design');
#10 = SHAPE_REPRESENTATION('',(#11,#15,#19,#23,#27,#31,#35,#39,#43,#47,
    #51,#55,#59,#63,#67),#71);
#11 = AXIS2_PLACEMENT_3D('',#12,#13,#14);
#12 = CARTESIAN_POINT('',(0.,0.,0.));
#13 = DIRECTION('',(0.,0.,1.));
#14 = DIRECTION('',(1.,0.,-0.));
#15 = AXIS2_PLACEMENT_3D('',#16,#17,#18);
#16 = CARTESIAN_POINT('',(0.,0.,0.));
#17 = DIRECTION('',(0.,0.,1.));
#18 = DIRECTION('',(1.,0.,-0.));
#19 = AXIS2_PLACEMENT_3D('',#20,#21,#22);
#20 = CARTESIAN_POINT('',(0.,0.,0.));
#21 = DIRECTION('',(0.,0.,1.));
#22 = DIRECTION('',(1.,0.,-0.));
#23 = AXIS2_PLACEMENT_3D('',#24,#25,#26);
#24 = CARTESIAN_POINT('',(0.,0.,0.));
#25 = DIRECTION('',(0.,0.,1.));
#26 = DIRECTION('',(1.,0.,-0.));
#27 = AXIS2_PLACEMENT_3D('',#28,#29,#30);
#28 = CARTESIAN_POINT('',(0.,0.,0.));
#29 = DIRECTION('',(0.,0.,1.));
#30 = DIRECTION('',(1.,0.,-0.));
#31 = AXIS2_PLACEMENT_3D('',#32,#33,#34);
#32 = CARTESIAN_POINT('',(0.,0.,0.));
#33 = DIRECTION('',(0.,0.,1.));
#34 = DIRECTION('',(1.,0.,-0.));
#35 = AXIS2_PLACEMENT_3D('',#36,#37,#38);
#36 = CARTESIAN_POINT('',(0.,0.,0.));
#37 = DIRECTION('',(0.,0.,1.));
#38 = DIRECTION('',(1.,0.,-0.));
#39 = AXIS2_PLACEMENT_3D('',#40,#41,#42);
#40 = CARTESIAN_POINT('',(0.,0.,0.));
#41 = DIRECTION('',(0.,0.,1.));
#42 = DIRECTION('',(1.,0.,-0.));
#43 = AXIS2_PLACEMENT_3D('',#44,#45,#46);
#44 = CARTESIAN_POINT('',(0.,0.,0.));
#45 = DIRECTION('',(0.,0.,1.));
#46 = DIRECTION('',(1.,0.,-0.));
#47 = AXIS2_PLACEMENT_3D('',#48,#49,#50);
#48 = CARTESIAN_POINT('',(0.,0.,0.));
#49 = DIRECTION('',(0.,0.,1.));
#50 = DIRECTION('',(1.,0.,-0.));
#51 = AXIS2_PLACEMENT_3D('',#52,#53,#54);
#52 = CARTESIAN_POINT('',(0.,0.,0.));
#53 = DIRECTION('',(0.,0.,1.));
#54 = DIRECTION('',(1.,0.,-0.));
#55 = AXIS2_PLACEMENT_3D('',#56,#57,#58);
#56 = CARTESIAN_POINT('',(0.,0.,0.));
#57 = DIRECTION('',(0.,0.,1.));
#58 = DIRECTION('',(1.,0.,-0.));
#59 = AXIS2_PLACEMENT_3D('',#60,#61,#62);
#60 = CARTESIAN_POINT('',(0.,0.,0.));
#61 = DIRECTION('',(0.,0.,1.));
#62 = DIRECTION('',(1.,0.,-0.));
#63 = AXIS2_PLACEMENT_3D('',#64,#65,#66);
#64 = CARTESIAN_POINT('',(0.,0.,0.));
#65 = DIRECTION('',(0.,0.,1.));
#66 = DIRECTION('',(1.,0.,-0.));
#67 = AXIS2_PLACEMENT_3D('',#68,#69,#70);
#68 = CARTESIAN_POINT('',(0.,0.,0.));
#69 = DIRECTION('',(0.,0.,1.));
#70 = DIRECTION('',(1.,0.,-0.));
#71 = ( GEOMETRIC_REPRESENTATION_CONTEXT(3) 
GLOBAL_UNCERTAINTY_ASSIGNED_CONTEXT((#75)) GLOBAL_UNIT_ASSIGNED_CONTEXT(
(#72,#73,#74)) REPRESENTATION_CONTEXT('Context #1',
  '3D Context with UNIT and UNCERTAINTY') );
#72 = ( LENGTH_UNIT() NAMED_UNIT(*) SI_UNIT(.MILLI.,.METRE.) );
#73 = ( NAMED_UNIT(*) PLANE_ANGLE_UNIT() SI_UNIT($,.RADIAN.) );
#74 = ( NAMED_UNIT(*) SI_UNIT($,.STERADIAN.) SOLID_ANGLE_UNIT() );
#75 = UNCERTAINTY_MEASURE_WITH_UNIT(LENGTH_MEASURE(1.E-07),#72,
  'distance_accuracy_value','confusion accuracy');
#76 = PRODUCT_RELATED_PRODUCT_CATEGORY('part',$,(#7));
#77 = SHAPE_DEFINITION_REPRESENTATION(#78,#84);
#78 = PRODUCT_DEFINITION_SHAPE('','',#79);
#79 = PRODUCT_DEFINITION('design','',#80,#83);
#80 = PRODUCT_DEFINITION_FORMATION('','',#81);
#81 = PRODUCT('DEUTSCH_DTM13-12P-R005_Horizontal_0',
  'DEUTSCH_DTM13-12P-R005_Horizontal_0','',(#82));
#82 = PRODUCT_CONTEXT('',#2,'mechanical');
#83 = PRODUCT_DEFINITION_CONTEXT('part definition',#2,'design');
#84 = ADVANCED_BREP_SHAPE_REPRESENTATION('',(#11,#85),#935);
#85 = MANIFOLD_SOLID_BREP('',#86);
#86 = CLOSED_SHELL('',(#87,#207,#477,#527,#581,#766,#793,#820,#847,#874,
    #881,#908));
#87 = ADVANCED_FACE('',(#88),#102,.F.);
#88 = FACE_BOUND('',#89,.F.);
#89 = EDGE_LOOP('',(#90,#125,#153,#181));
#90 = ORIENTED_EDGE('',*,*,#91,.F.);
#91 = EDGE_CURVE('',#92,#94,#96,.T.);
#92 = VERTEX_POINT('',#93);
#93 = CARTESIAN_POINT('',(-20.51,-3.5,3.05));
#94 = VERTEX_POINT('',#95);
#95 = CARTESIAN_POINT('',(-20.51,5.5,3.05));
#96 = SURFACE_CURVE('',#97,(#101,#113),.PCURVE_S1.);
#97 = LINE('',#98,#99);
#98 = CARTESIAN_POINT('',(-20.51,-6.5,3.05));
#99 = VECTOR('',#100,1.);
#100 = DIRECTION('',(0.,1.,0.));
#101 = PCURVE('',#102,#107);
#102 = PLANE('',#103);
#103 = AXIS2_PLACEMENT_3D('',#104,#105,#106);
#104 = CARTESIAN_POINT('',(-20.51,-6.5,0.));
#105 = DIRECTION('',(1.,0.,0.));
#106 = DIRECTION('',(0.,0.,1.));
#107 = DEFINITIONAL_REPRESENTATION('',(#108),#112);
#108 = LINE('',#109,#110);
#109 = CARTESIAN_POINT('',(3.05,0.));
#110 = VECTOR('',#111,1.);
#111 = DIRECTION('',(0.,-1.));
#112 = ( GEOMETRIC_REPRESENTATION_CONTEXT(2) 
PARAMETRIC_REPRESENTATION_CONTEXT() REPRESENTATION_CONTEXT('2D SPACE',''
  ) );
#113 = PCURVE('',#114,#119);
#114 = PLANE('',#115);
#115 = AXIS2_PLACEMENT_3D('',#116,#117,#118);
#116 = CARTESIAN_POINT('',(-20.51,-6.5,3.05));
#117 = DIRECTION('',(0.,0.,1.));
#118 = DIRECTION('',(1.,0.,0.));
#119 = DEFINITIONAL_REPRESENTATION('',(#120),#124);
#120 = LINE('',#121,#122);
#121 = CARTESIAN_POINT('',(0.,0.));
#122 = VECTOR('',#123,1.);
#123 = DIRECTION('',(0.,1.));
#124 = ( GEOMETRIC_REPRESENTATION_CONTEXT(2) 
PARAMETRIC_REPRESENTATION_CONTEXT() REPRESENTATION_CONTEXT('2D SPACE',''
  ) );
#125 = ORIENTED_EDGE('',*,*,#126,.F.);
#126 = EDGE_CURVE('',#127,#92,#129,.T.);
#127 = VERTEX_POINT('',#128);
#128 = CARTESIAN_POINT('',(-20.51,-3.5,0.));
#129 = SURFACE_CURVE('',#130,(#134,#141),.PCURVE_S1.);
#130 = LINE('',#131,#132);
#131 = CARTESIAN_POINT('',(-20.51,-3.5,0.));
#132 = VECTOR('',#133,1.);
#133 = DIRECTION('',(0.,0.,1.));
#134 = PCURVE('',#102,#135);
#135 = DEFINITIONAL_REPRESENTATION('',(#136),#140);
#136 = LINE('',#137,#138);
#137 = CARTESIAN_POINT('',(0.,-3.));
#138 = VECTOR('',#139,1.);
#139 = DIRECTION('',(1.,0.));
#140 = ( GEOMETRIC_REPRESENTATION_CONTEXT(2) 
PARAMETRIC_REPRESENTATION_CONTEXT() REPRESENTATION_CONTEXT('2D SPACE',''
  ) );
#141 = PCURVE('',#142,#147);
#142 = CYLINDRICAL_SURFACE('',#143,3.);
#143 = AXIS2_PLACEMENT_3D('',#144,#145,#146);
#144 = CARTESIAN_POINT('',(-17.51,-3.5,0.));
#145 = DIRECTION('',(0.,0.,1.));
#146 = DIRECTION('',(-1.,-0.,0.));
#147 = DEFINITIONAL_REPRESENTATION('',(#148),#152);
#148 = LINE('',#149,#150);
#149 = CARTESIAN_POINT('',(0.,0.));
#150 = VECTOR('',#151,1.);
#151 = DIRECTION('',(0.,1.));
#152 = ( GEOMETRIC_REPRESENTATION_CONTEXT(2) 
PARAMETRIC_REPRESENTATION_CONTEXT() REPRESENTATION_CONTEXT('2D SPACE',''
  ) );
#153 = ORIENTED_EDGE('',*,*,#154,.T.);
#154 = EDGE_CURVE('',#127,#155,#157,.T.);
#155 = VERTEX_POINT('',#156);
#156 = CARTESIAN_POINT('',(-20.51,5.5,0.));
#157 = SURFACE_CURVE('',#158,(#162,#169),.PCURVE_S1.);
#158 = LINE('',#159,#160);
#159 = CARTESIAN_POINT('',(-20.51,-6.5,0.));
#160 = VECTOR('',#161,1.);
#161 = DIRECTION('',(0.,1.,0.));
#162 = PCURVE('',#102,#163);
#163 = DEFINITIONAL_REPRESENTATION('',(#164),#168);
#164 = LINE('',#165,#166);
#165 = CARTESIAN_POINT('',(0.,0.));
#166 = VECTOR('',#167,1.);
#167 = DIRECTION('',(0.,-1.));
#168 = ( GEOMETRIC_REPRESENTATION_CONTEXT(2) 
PARAMETRIC_REPRESENTATION_CONTEXT() REPRESENTATION_CONTEXT('2D SPACE',''
  ) );
#169 = PCURVE('',#170,#175);
#170 = PLANE('',#171);
#171 = AXIS2_PLACEMENT_3D('',#172,#173,#174);
#172 = CARTESIAN_POINT('',(-20.51,-6.5,0.));
#173 = DIRECTION('',(0.,0.,1.));
#174 = DIRECTION('',(1.,0.,0.));
#175 = DEFINITIONAL_REPRESENTATION('',(#176),#180);
#176 = LINE('',#177,#178);
#177 = CARTESIAN_POINT('',(0.,0.));
#178 = VECTOR('',#179,1.);
#179 = DIRECTION('',(0.,1.));
#180 = ( GEOMETRIC_REPRESENTATION_CONTEXT(2) 
PARAMETRIC_REPRESENTATION_CONTEXT() REPRESENTATION_CONTEXT('2D SPACE',''
  ) );
#181 = ORIENTED_EDGE('',*,*,#182,.T.);
#182 = EDGE_CURVE('',#155,#94,#183,.T.);
#183 = SURFACE_CURVE('',#184,(#188,#195),.PCURVE_S1.);
#184 = LINE('',#185,#186);
#185 = CARTESIAN_POINT('',(-20.51,5.5,0.));
#186 = VECTOR('',#187,1.);
#187 = DIRECTION('',(0.,0.,1.));
#188 = PCURVE('',#102,#189);
#189 = DEFINITIONAL_REPRESENTATION('',(#190),#194);
#190 = LINE('',#191,#192);
#191 = CARTESIAN_POINT('',(0.,-12.));
#192 = VECTOR('',#193,1.);
#193 = DIRECTION('',(1.,0.));
#194 = ( GEOMETRIC_REPRESENTATION_CONTEXT(2) 
PARAMETRIC_REPRESENTATION_CONTEXT() REPRESENTATION_CONTEXT('2D SPACE',''
  ) );
#195 = PCURVE('',#196,#201);
#196 = CYLINDRICAL_SURFACE('',#197,3.);
#197 = AXIS2_PLACEMENT_3D('',#198,#199,#200);
#198 = CARTESIAN_POINT('',(-17.51,5.5,0.));
#199 = DIRECTION('',(0.,0.,1.));
#200 = DIRECTION('',(-1.,-0.,0.));
#201 = DEFINITIONAL_REPRESENTATION('',(#202),#206);
#202 = LINE('',#203,#204);
#203 = CARTESIAN_POINT('',(-0.,0.));
#204 = VECTOR('',#205,1.);
#205 = DIRECTION('',(-0.,1.));
#206 = ( GEOMETRIC_REPRESENTATION_CONTEXT(2) 
PARAMETRIC_REPRESENTATION_CONTEXT() REPRESENTATION_CONTEXT('2D SPACE',''
  ) );
#207 = ADVANCED_FACE('',(#208,#407,#442),#114,.T.);
#208 = FACE_BOUND('',#209,.T.);
#209 = EDGE_LOOP('',(#210,#211,#235,#263,#296,#324,#353,#381));
#210 = ORIENTED_EDGE('',*,*,#91,.F.);
#211 = ORIENTED_EDGE('',*,*,#212,.T.);
#212 = EDGE_CURVE('',#92,#213,#215,.T.);
#213 = VERTEX_POINT('',#214);
#214 = CARTESIAN_POINT('',(-17.51,-6.5,3.05));
#215 = SURFACE_CURVE('',#216,(#221,#228),.PCURVE_S1.);
#216 = CIRCLE('',#217,3.);
#217 = AXIS2_PLACEMENT_3D('',#218,#219,#220);
#218 = CARTESIAN_POINT('',(-17.51,-3.5,3.05));
#219 = DIRECTION('',(0.,0.,1.));
#220 = DIRECTION('',(0.,-1.,0.));
#221 = PCURVE('',#114,#222);
#222 = DEFINITIONAL_REPRESENTATION('',(#223),#227);
#223 = CIRCLE('',#224,3.);
#224 = AXIS2_PLACEMENT_2D('',#225,#226);
#225 = CARTESIAN_POINT('',(3.,3.));
#226 = DIRECTION('',(0.,-1.));
#227 = ( GEOMETRIC_REPRESENTATION_CONTEXT(2) 
PARAMETRIC_REPRESENTATION_CONTEXT() REPRESENTATION_CONTEXT('2D SPACE',''
  ) );
#228 = PCURVE('',#142,#229);
#229 = DEFINITIONAL_REPRESENTATION('',(#230),#234);
#230 = LINE('',#231,#232);
#231 = CARTESIAN_POINT('',(-4.712388980385,3.05));
#232 = VECTOR('',#233,1.);
#233 = DIRECTION('',(1.,0.));
#234 = ( GEOMETRIC_REPRESENTATION_CONTEXT(2) 
PARAMETRIC_REPRESENTATION_CONTEXT() REPRESENTATION_CONTEXT('2D SPACE',''
  ) );
#235 = ORIENTED_EDGE('',*,*,#236,.T.);
#236 = EDGE_CURVE('',#213,#237,#239,.T.);
#237 = VERTEX_POINT('',#238);
#238 = CARTESIAN_POINT('',(17.51,-6.5,3.05));
#239 = SURFACE_CURVE('',#240,(#244,#251),.PCURVE_S1.);
#240 = LINE('',#241,#242);
#241 = CARTESIAN_POINT('',(-20.51,-6.5,3.05));
#242 = VECTOR('',#243,1.);
#243 = DIRECTION('',(1.,0.,0.));
#244 = PCURVE('',#114,#245);
#245 = DEFINITIONAL_REPRESENTATION('',(#246),#250);
#246 = LINE('',#247,#248);
#247 = CARTESIAN_POINT('',(0.,0.));
#248 = VECTOR('',#249,1.);
#249 = DIRECTION('',(1.,0.));
#250 = ( GEOMETRIC_REPRESENTATION_CONTEXT(2) 
PARAMETRIC_REPRESENTATION_CONTEXT() REPRESENTATION_CONTEXT('2D SPACE',''
  ) );
#251 = PCURVE('',#252,#257);
#252 = PLANE('',#253);
#253 = AXIS2_PLACEMENT_3D('',#254,#255,#256);
#254 = CARTESIAN_POINT('',(-20.51,-6.5,0.));
#255 = DIRECTION('',(0.,1.,0.));
#256 = DIRECTION('',(0.,0.,1.));
#257 = DEFINITIONAL_REPRESENTATION('',(#258),#262);
#258 = LINE('',#259,#260);
#259 = CARTESIAN_POINT('',(3.05,0.));
#260 = VECTOR('',#261,1.);
#261 = DIRECTION('',(0.,1.));
#262 = ( GEOMETRIC_REPRESENTATION_CONTEXT(2) 
PARAMETRIC_REPRESENTATION_CONTEXT() REPRESENTATION_CONTEXT('2D SPACE',''
  ) );
#263 = ORIENTED_EDGE('',*,*,#264,.F.);
#264 = EDGE_CURVE('',#265,#237,#267,.T.);
#265 = VERTEX_POINT('',#266);
#266 = CARTESIAN_POINT('',(20.51,-3.5,3.05));
#267 = SURFACE_CURVE('',#268,(#273,#284),.PCURVE_S1.);
#268 = CIRCLE('',#269,3.);
#269 = AXIS2_PLACEMENT_3D('',#270,#271,#272);
#270 = CARTESIAN_POINT('',(17.51,-3.5,3.05));
#271 = DIRECTION('',(-0.,-0.,-1.));
#272 = DIRECTION('',(0.,-1.,0.));
#273 = PCURVE('',#114,#274);
#274 = DEFINITIONAL_REPRESENTATION('',(#275),#283);
#275 = ( BOUNDED_CURVE() B_SPLINE_CURVE(2,(#276,#277,#278,#279,#280,#281
,#282),.UNSPECIFIED.,.T.,.F.) B_SPLINE_CURVE_WITH_KNOTS((1,2,2,2,2,1),(
    -2.094395102393,0.,2.094395102393,4.188790204786,6.28318530718,
8.377580409573),.UNSPECIFIED.) CURVE() GEOMETRIC_REPRESENTATION_ITEM() 
RATIONAL_B_SPLINE_CURVE((1.,0.5,1.,0.5,1.,0.5,1.)) REPRESENTATION_ITEM(
  '') );
#276 = CARTESIAN_POINT('',(38.02,-4.440892098501E-16));
#277 = CARTESIAN_POINT('',(32.823847577293,-4.440892098501E-16));
#278 = CARTESIAN_POINT('',(35.421923788647,4.5));
#279 = CARTESIAN_POINT('',(38.02,9.));
#280 = CARTESIAN_POINT('',(40.618076211353,4.5));
#281 = CARTESIAN_POINT('',(43.216152422707,3.996802888651E-15));
#282 = CARTESIAN_POINT('',(38.02,-4.440892098501E-16));
#283 = ( GEOMETRIC_REPRESENTATION_CONTEXT(2) 
PARAMETRIC_REPRESENTATION_CONTEXT() REPRESENTATION_CONTEXT('2D SPACE',''
  ) );
#284 = PCURVE('',#285,#290);
#285 = CYLINDRICAL_SURFACE('',#286,3.);
#286 = AXIS2_PLACEMENT_3D('',#287,#288,#289);
#287 = CARTESIAN_POINT('',(17.51,-3.5,0.));
#288 = DIRECTION('',(0.,0.,1.));
#289 = DIRECTION('',(1.,0.,-0.));
#290 = DEFINITIONAL_REPRESENTATION('',(#291),#295);
#291 = LINE('',#292,#293);
#292 = CARTESIAN_POINT('',(4.712388980385,3.05));
#293 = VECTOR('',#294,1.);
#294 = DIRECTION('',(-1.,0.));
#295 = ( GEOMETRIC_REPRESENTATION_CONTEXT(2) 
PARAMETRIC_REPRESENTATION_CONTEXT() REPRESENTATION_CONTEXT('2D SPACE',''
  ) );
#296 = ORIENTED_EDGE('',*,*,#297,.T.);
#297 = EDGE_CURVE('',#265,#298,#300,.T.);
#298 = VERTEX_POINT('',#299);
#299 = CARTESIAN_POINT('',(20.51,5.5,3.05));
#300 = SURFACE_CURVE('',#301,(#305,#312),.PCURVE_S1.);
#301 = LINE('',#302,#303);
#302 = CARTESIAN_POINT('',(20.51,-6.5,3.05));
#303 = VECTOR('',#304,1.);
#304 = DIRECTION('',(0.,1.,0.));
#305 = PCURVE('',#114,#306);
#306 = DEFINITIONAL_REPRESENTATION('',(#307),#311);
#307 = LINE('',#308,#309);
#308 = CARTESIAN_POINT('',(41.02,0.));
#309 = VECTOR('',#310,1.);
#310 = DIRECTION('',(0.,1.));
#311 = ( GEOMETRIC_REPRESENTATION_CONTEXT(2) 
PARAMETRIC_REPRESENTATION_CONTEXT() REPRESENTATION_CONTEXT('2D SPACE',''
  ) );
#312 = PCURVE('',#313,#318);
#313 = PLANE('',#314);
#314 = AXIS2_PLACEMENT_3D('',#315,#316,#317);
#315 = CARTESIAN_POINT('',(20.51,-6.5,0.));
#316 = DIRECTION('',(1.,0.,0.));
#317 = DIRECTION('',(0.,0.,1.));
#318 = DEFINITIONAL_REPRESENTATION('',(#319),#323);
#319 = LINE('',#320,#321);
#320 = CARTESIAN_POINT('',(3.05,0.));
#321 = VECTOR('',#322,1.);
#322 = DIRECTION('',(0.,-1.));
#323 = ( GEOMETRIC_REPRESENTATION_CONTEXT(2) 
PARAMETRIC_REPRESENTATION_CONTEXT() REPRESENTATION_CONTEXT('2D SPACE',''
  ) );
#324 = ORIENTED_EDGE('',*,*,#325,.T.);
#325 = EDGE_CURVE('',#298,#326,#328,.T.);
#326 = VERTEX_POINT('',#327);
#327 = CARTESIAN_POINT('',(17.51,8.5,3.05));
#328 = SURFACE_CURVE('',#329,(#334,#341),.PCURVE_S1.);
#329 = CIRCLE('',#330,3.);
#330 = AXIS2_PLACEMENT_3D('',#331,#332,#333);
#331 = CARTESIAN_POINT('',(17.51,5.5,3.05));
#332 = DIRECTION('',(0.,0.,1.));
#333 = DIRECTION('',(0.,-1.,0.));
#334 = PCURVE('',#114,#335);
#335 = DEFINITIONAL_REPRESENTATION('',(#336),#340);
#336 = CIRCLE('',#337,3.);
#337 = AXIS2_PLACEMENT_2D('',#338,#339);
#338 = CARTESIAN_POINT('',(38.02,12.));
#339 = DIRECTION('',(0.,-1.));
#340 = ( GEOMETRIC_REPRESENTATION_CONTEXT(2) 
PARAMETRIC_REPRESENTATION_CONTEXT() REPRESENTATION_CONTEXT('2D SPACE',''
  ) );
#341 = PCURVE('',#342,#347);
#342 = CYLINDRICAL_SURFACE('',#343,3.);
#343 = AXIS2_PLACEMENT_3D('',#344,#345,#346);
#344 = CARTESIAN_POINT('',(17.51,5.5,0.));
#345 = DIRECTION('',(0.,0.,1.));
#346 = DIRECTION('',(1.,0.,-0.));
#347 = DEFINITIONAL_REPRESENTATION('',(#348),#352);
#348 = LINE('',#349,#350);
#349 = CARTESIAN_POINT('',(-1.570796326795,3.05));
#350 = VECTOR('',#351,1.);
#351 = DIRECTION('',(1.,0.));
#352 = ( GEOMETRIC_REPRESENTATION_CONTEXT(2) 
PARAMETRIC_REPRESENTATION_CONTEXT() REPRESENTATION_CONTEXT('2D SPACE',''
  ) );
#353 = ORIENTED_EDGE('',*,*,#354,.F.);
#354 = EDGE_CURVE('',#355,#326,#357,.T.);
#355 = VERTEX_POINT('',#356);
#356 = CARTESIAN_POINT('',(-17.51,8.5,3.05));
#357 = SURFACE_CURVE('',#358,(#362,#369),.PCURVE_S1.);
#358 = LINE('',#359,#360);
#359 = CARTESIAN_POINT('',(-20.51,8.5,3.05));
#360 = VECTOR('',#361,1.);
#361 = DIRECTION('',(1.,0.,0.));
#362 = PCURVE('',#114,#363);
#363 = DEFINITIONAL_REPRESENTATION('',(#364),#368);
#364 = LINE('',#365,#366);
#365 = CARTESIAN_POINT('',(0.,15.));
#366 = VECTOR('',#367,1.);
#367 = DIRECTION('',(1.,0.));
#368 = ( GEOMETRIC_REPRESENTATION_CONTEXT(2) 
PARAMETRIC_REPRESENTATION_CONTEXT() REPRESENTATION_CONTEXT('2D SPACE',''
  ) );
#369 = PCURVE('',#370,#375);
#370 = PLANE('',#371);
#371 = AXIS2_PLACEMENT_3D('',#372,#373,#374);
#372 = CARTESIAN_POINT('',(-20.51,8.5,0.));
#373 = DIRECTION('',(0.,1.,0.));
#374 = DIRECTION('',(0.,0.,1.));
#375 = DEFINITIONAL_REPRESENTATION('',(#376),#380);
#376 = LINE('',#377,#378);
#377 = CARTESIAN_POINT('',(3.05,0.));
#378 = VECTOR('',#379,1.);
#379 = DIRECTION('',(0.,1.));
#380 = ( GEOMETRIC_REPRESENTATION_CONTEXT(2) 
PARAMETRIC_REPRESENTATION_CONTEXT() REPRESENTATION_CONTEXT('2D SPACE',''
  ) );
#381 = ORIENTED_EDGE('',*,*,#382,.F.);
#382 = EDGE_CURVE('',#94,#355,#383,.T.);
#383 = SURFACE_CURVE('',#384,(#389,#400),.PCURVE_S1.);
#384 = CIRCLE('',#385,3.);
#385 = AXIS2_PLACEMENT_3D('',#386,#387,#388);
#386 = CARTESIAN_POINT('',(-17.51,5.5,3.05));
#387 = DIRECTION('',(-0.,-0.,-1.));
#388 = DIRECTION('',(0.,-1.,0.));
#389 = PCURVE('',#114,#390);
#390 = DEFINITIONAL_REPRESENTATION('',(#391),#399);
#391 = ( BOUNDED_CURVE() B_SPLINE_CURVE(2,(#392,#393,#394,#395,#396,#397
,#398),.UNSPECIFIED.,.T.,.F.) B_SPLINE_CURVE_WITH_KNOTS((1,2,2,2,2,1),(
    -2.094395102393,0.,2.094395102393,4.188790204786,6.28318530718,
8.377580409573),.UNSPECIFIED.) CURVE() GEOMETRIC_REPRESENTATION_ITEM() 
RATIONAL_B_SPLINE_CURVE((1.,0.5,1.,0.5,1.,0.5,1.)) REPRESENTATION_ITEM(
  '') );
#392 = CARTESIAN_POINT('',(3.,9.));
#393 = CARTESIAN_POINT('',(-2.196152422707,9.));
#394 = CARTESIAN_POINT('',(0.401923788647,13.5));
#395 = CARTESIAN_POINT('',(3.,18.));
#396 = CARTESIAN_POINT('',(5.598076211353,13.5));
#397 = CARTESIAN_POINT('',(8.196152422707,9.));
#398 = CARTESIAN_POINT('',(3.,9.));
#399 = ( GEOMETRIC_REPRESENTATION_CONTEXT(2) 
PARAMETRIC_REPRESENTATION_CONTEXT() REPRESENTATION_CONTEXT('2D SPACE',''
  ) );
#400 = PCURVE('',#196,#401);
#401 = DEFINITIONAL_REPRESENTATION('',(#402),#406);
#402 = LINE('',#403,#404);
#403 = CARTESIAN_POINT('',(1.570796326795,3.05));
#404 = VECTOR('',#405,1.);
#405 = DIRECTION('',(-1.,0.));
#406 = ( GEOMETRIC_REPRESENTATION_CONTEXT(2) 
PARAMETRIC_REPRESENTATION_CONTEXT() REPRESENTATION_CONTEXT('2D SPACE',''
  ) );
#407 = FACE_BOUND('',#408,.T.);
#408 = EDGE_LOOP('',(#409));
#409 = ORIENTED_EDGE('',*,*,#410,.T.);
#410 = EDGE_CURVE('',#411,#411,#413,.T.);
#411 = VERTEX_POINT('',#412);
#412 = CARTESIAN_POINT('',(-16.14,0.,3.05));
#413 = SURFACE_CURVE('',#414,(#419,#430),.PCURVE_S1.);
#414 = CIRCLE('',#415,1.005);
#415 = AXIS2_PLACEMENT_3D('',#416,#417,#418);
#416 = CARTESIAN_POINT('',(-17.145,0.,3.05));
#417 = DIRECTION('',(0.,0.,-1.));
#418 = DIRECTION('',(1.,0.,0.));
#419 = PCURVE('',#114,#420);
#420 = DEFINITIONAL_REPRESENTATION('',(#421),#429);
#421 = ( BOUNDED_CURVE() B_SPLINE_CURVE(2,(#422,#423,#424,#425,#426,#427
,#428),.UNSPECIFIED.,.T.,.F.) B_SPLINE_CURVE_WITH_KNOTS((1,2,2,2,2,1),(
    -2.094395102393,0.,2.094395102393,4.188790204786,6.28318530718,
8.377580409573),.UNSPECIFIED.) CURVE() GEOMETRIC_REPRESENTATION_ITEM() 
RATIONAL_B_SPLINE_CURVE((1.,0.5,1.,0.5,1.,0.5,1.)) REPRESENTATION_ITEM(
  '') );
#422 = CARTESIAN_POINT('',(4.37,6.5));
#423 = CARTESIAN_POINT('',(4.37,4.759288938393));
#424 = CARTESIAN_POINT('',(2.8625,5.629644469197));
#425 = CARTESIAN_POINT('',(1.355,6.5));
#426 = CARTESIAN_POINT('',(2.8625,7.370355530803));
#427 = CARTESIAN_POINT('',(4.37,8.240711061607));
#428 = CARTESIAN_POINT('',(4.37,6.5));
#429 = ( GEOMETRIC_REPRESENTATION_CONTEXT(2) 
PARAMETRIC_REPRESENTATION_CONTEXT() REPRESENTATION_CONTEXT('2D SPACE',''
  ) );
#430 = PCURVE('',#431,#436);
#431 = CYLINDRICAL_SURFACE('',#432,1.005);
#432 = AXIS2_PLACEMENT_3D('',#433,#434,#435);
#433 = CARTESIAN_POINT('',(-17.145,0.,-1.));
#434 = DIRECTION('',(-0.,-0.,-1.));
#435 = DIRECTION('',(1.,0.,0.));
#436 = DEFINITIONAL_REPRESENTATION('',(#437),#441);
#437 = LINE('',#438,#439);
#438 = CARTESIAN_POINT('',(-6.28318530718,-4.05));
#439 = VECTOR('',#440,1.);
#440 = DIRECTION('',(1.,-0.));
#441 = ( GEOMETRIC_REPRESENTATION_CONTEXT(2) 
PARAMETRIC_REPRESENTATION_CONTEXT() REPRESENTATION_CONTEXT('2D SPACE',''
  ) );
#442 = FACE_BOUND('',#443,.T.);
#443 = EDGE_LOOP('',(#444));
#444 = ORIENTED_EDGE('',*,*,#445,.T.);
#445 = EDGE_CURVE('',#446,#446,#448,.T.);
#446 = VERTEX_POINT('',#447);
#447 = CARTESIAN_POINT('',(18.15,0.,3.05));
#448 = SURFACE_CURVE('',#449,(#454,#465),.PCURVE_S1.);
#449 = CIRCLE('',#450,1.005);
#450 = AXIS2_PLACEMENT_3D('',#451,#452,#453);
#451 = CARTESIAN_POINT('',(17.145,0.,3.05));
#452 = DIRECTION('',(0.,0.,-1.));
#453 = DIRECTION('',(1.,0.,0.));
#454 = PCURVE('',#114,#455);
#455 = DEFINITIONAL_REPRESENTATION('',(#456),#464);
#456 = ( BOUNDED_CURVE() B_SPLINE_CURVE(2,(#457,#458,#459,#460,#461,#462
,#463),.UNSPECIFIED.,.T.,.F.) B_SPLINE_CURVE_WITH_KNOTS((1,2,2,2,2,1),(
    -2.094395102393,0.,2.094395102393,4.188790204786,6.28318530718,
8.377580409573),.UNSPECIFIED.) CURVE() GEOMETRIC_REPRESENTATION_ITEM() 
RATIONAL_B_SPLINE_CURVE((1.,0.5,1.,0.5,1.,0.5,1.)) REPRESENTATION_ITEM(
  '') );
#457 = CARTESIAN_POINT('',(38.66,6.5));
#458 = CARTESIAN_POINT('',(38.66,4.759288938393));
#459 = CARTESIAN_POINT('',(37.1525,5.629644469197));
#460 = CARTESIAN_POINT('',(35.645,6.5));
#461 = CARTESIAN_POINT('',(37.1525,7.370355530803));
#462 = CARTESIAN_POINT('',(38.66,8.240711061607));
#463 = CARTESIAN_POINT('',(38.66,6.5));
#464 = ( GEOMETRIC_REPRESENTATION_CONTEXT(2) 
PARAMETRIC_REPRESENTATION_CONTEXT() REPRESENTATION_CONTEXT('2D SPACE',''
  ) );
#465 = PCURVE('',#466,#471);
#466 = CYLINDRICAL_SURFACE('',#467,1.005);
#467 = AXIS2_PLACEMENT_3D('',#468,#469,#470);
#468 = CARTESIAN_POINT('',(17.145,0.,-1.));
#469 = DIRECTION('',(-0.,-0.,-1.));
#470 = DIRECTION('',(1.,0.,0.));
#471 = DEFINITIONAL_REPRESENTATION('',(#472),#476);
#472 = LINE('',#473,#474);
#473 = CARTESIAN_POINT('',(-6.28318530718,-4.05));
#474 = VECTOR('',#475,1.);
#475 = DIRECTION('',(1.,-0.));
#476 = ( GEOMETRIC_REPRESENTATION_CONTEXT(2) 
PARAMETRIC_REPRESENTATION_CONTEXT() REPRESENTATION_CONTEXT('2D SPACE',''
  ) );
#477 = ADVANCED_FACE('',(#478),#142,.T.);
#478 = FACE_BOUND('',#479,.T.);
#479 = EDGE_LOOP('',(#480,#504,#525,#526));
#480 = ORIENTED_EDGE('',*,*,#481,.T.);
#481 = EDGE_CURVE('',#127,#482,#484,.T.);
#482 = VERTEX_POINT('',#483);
#483 = CARTESIAN_POINT('',(-17.51,-6.5,0.));
#484 = SURFACE_CURVE('',#485,(#490,#497),.PCURVE_S1.);
#485 = CIRCLE('',#486,3.);
#486 = AXIS2_PLACEMENT_3D('',#487,#488,#489);
#487 = CARTESIAN_POINT('',(-17.51,-3.5,0.));
#488 = DIRECTION('',(0.,0.,1.));
#489 = DIRECTION('',(0.,-1.,0.));
#490 = PCURVE('',#142,#491);
#491 = DEFINITIONAL_REPRESENTATION('',(#492),#496);
#492 = LINE('',#493,#494);
#493 = CARTESIAN_POINT('',(-4.712388980385,0.));
#494 = VECTOR('',#495,1.);
#495 = DIRECTION('',(1.,0.));
#496 = ( GEOMETRIC_REPRESENTATION_CONTEXT(2) 
PARAMETRIC_REPRESENTATION_CONTEXT() REPRESENTATION_CONTEXT('2D SPACE',''
  ) );
#497 = PCURVE('',#170,#498);
#498 = DEFINITIONAL_REPRESENTATION('',(#499),#503);
#499 = CIRCLE('',#500,3.);
#500 = AXIS2_PLACEMENT_2D('',#501,#502);
#501 = CARTESIAN_POINT('',(3.,3.));
#502 = DIRECTION('',(0.,-1.));
#503 = ( GEOMETRIC_REPRESENTATION_CONTEXT(2) 
PARAMETRIC_REPRESENTATION_CONTEXT() REPRESENTATION_CONTEXT('2D SPACE',''
  ) );
#504 = ORIENTED_EDGE('',*,*,#505,.T.);
#505 = EDGE_CURVE('',#482,#213,#506,.T.);
#506 = SURFACE_CURVE('',#507,(#511,#518),.PCURVE_S1.);
#507 = LINE('',#508,#509);
#508 = CARTESIAN_POINT('',(-17.51,-6.5,0.));
#509 = VECTOR('',#510,1.);
#510 = DIRECTION('',(0.,0.,1.));
#511 = PCURVE('',#142,#512);
#512 = DEFINITIONAL_REPRESENTATION('',(#513),#517);
#513 = LINE('',#514,#515);
#514 = CARTESIAN_POINT('',(1.570796326795,0.));
#515 = VECTOR('',#516,1.);
#516 = DIRECTION('',(0.,1.));
#517 = ( GEOMETRIC_REPRESENTATION_CONTEXT(2) 
PARAMETRIC_REPRESENTATION_CONTEXT() REPRESENTATION_CONTEXT('2D SPACE',''
  ) );
#518 = PCURVE('',#252,#519);
#519 = DEFINITIONAL_REPRESENTATION('',(#520),#524);
#520 = LINE('',#521,#522);
#521 = CARTESIAN_POINT('',(0.,3.));
#522 = VECTOR('',#523,1.);
#523 = DIRECTION('',(1.,0.));
#524 = ( GEOMETRIC_REPRESENTATION_CONTEXT(2) 
PARAMETRIC_REPRESENTATION_CONTEXT() REPRESENTATION_CONTEXT('2D SPACE',''
  ) );
#525 = ORIENTED_EDGE('',*,*,#212,.F.);
#526 = ORIENTED_EDGE('',*,*,#126,.F.);
#527 = ADVANCED_FACE('',(#528),#196,.T.);
#528 = FACE_BOUND('',#529,.F.);
#529 = EDGE_LOOP('',(#530,#558,#579,#580));
#530 = ORIENTED_EDGE('',*,*,#531,.T.);
#531 = EDGE_CURVE('',#155,#532,#534,.T.);
#532 = VERTEX_POINT('',#533);
#533 = CARTESIAN_POINT('',(-17.51,8.5,0.));
#534 = SURFACE_CURVE('',#535,(#540,#547),.PCURVE_S1.);
#535 = CIRCLE('',#536,3.);
#536 = AXIS2_PLACEMENT_3D('',#537,#538,#539);
#537 = CARTESIAN_POINT('',(-17.51,5.5,0.));
#538 = DIRECTION('',(-0.,-0.,-1.));
#539 = DIRECTION('',(0.,-1.,0.));
#540 = PCURVE('',#196,#541);
#541 = DEFINITIONAL_REPRESENTATION('',(#542),#546);
#542 = LINE('',#543,#544);
#543 = CARTESIAN_POINT('',(1.570796326795,-0.));
#544 = VECTOR('',#545,1.);
#545 = DIRECTION('',(-1.,0.));
#546 = ( GEOMETRIC_REPRESENTATION_CONTEXT(2) 
PARAMETRIC_REPRESENTATION_CONTEXT() REPRESENTATION_CONTEXT('2D SPACE',''
  ) );
#547 = PCURVE('',#170,#548);
#548 = DEFINITIONAL_REPRESENTATION('',(#549),#557);
#549 = ( BOUNDED_CURVE() B_SPLINE_CURVE(2,(#550,#551,#552,#553,#554,#555
,#556),.UNSPECIFIED.,.T.,.F.) B_SPLINE_CURVE_WITH_KNOTS((1,2,2,2,2,1),(
    -2.094395102393,0.,2.094395102393,4.188790204786,6.28318530718,
8.377580409573),.UNSPECIFIED.) CURVE() GEOMETRIC_REPRESENTATION_ITEM() 
RATIONAL_B_SPLINE_CURVE((1.,0.5,1.,0.5,1.,0.5,1.)) REPRESENTATION_ITEM(
  '') );
#550 = CARTESIAN_POINT('',(3.,9.));
#551 = CARTESIAN_POINT('',(-2.196152422707,9.));
#552 = CARTESIAN_POINT('',(0.401923788647,13.5));
#553 = CARTESIAN_POINT('',(3.,18.));
#554 = CARTESIAN_POINT('',(5.598076211353,13.5));
#555 = CARTESIAN_POINT('',(8.196152422707,9.));
#556 = CARTESIAN_POINT('',(3.,9.));
#557 = ( GEOMETRIC_REPRESENTATION_CONTEXT(2) 
PARAMETRIC_REPRESENTATION_CONTEXT() REPRESENTATION_CONTEXT('2D SPACE',''
  ) );
#558 = ORIENTED_EDGE('',*,*,#559,.T.);
#559 = EDGE_CURVE('',#532,#355,#560,.T.);
#560 = SURFACE_CURVE('',#561,(#565,#572),.PCURVE_S1.);
#561 = LINE('',#562,#563);
#562 = CARTESIAN_POINT('',(-17.51,8.5,0.));
#563 = VECTOR('',#564,1.);
#564 = DIRECTION('',(0.,0.,1.));
#565 = PCURVE('',#196,#566);
#566 = DEFINITIONAL_REPRESENTATION('',(#567),#571);
#567 = LINE('',#568,#569);
#568 = CARTESIAN_POINT('',(-1.570796326795,0.));
#569 = VECTOR('',#570,1.);
#570 = DIRECTION('',(-0.,1.));
#571 = ( GEOMETRIC_REPRESENTATION_CONTEXT(2) 
PARAMETRIC_REPRESENTATION_CONTEXT() REPRESENTATION_CONTEXT('2D SPACE',''
  ) );
#572 = PCURVE('',#370,#573);
#573 = DEFINITIONAL_REPRESENTATION('',(#574),#578);
#574 = LINE('',#575,#576);
#575 = CARTESIAN_POINT('',(0.,3.));
#576 = VECTOR('',#577,1.);
#577 = DIRECTION('',(1.,0.));
#578 = ( GEOMETRIC_REPRESENTATION_CONTEXT(2) 
PARAMETRIC_REPRESENTATION_CONTEXT() REPRESENTATION_CONTEXT('2D SPACE',''
  ) );
#579 = ORIENTED_EDGE('',*,*,#382,.F.);
#580 = ORIENTED_EDGE('',*,*,#182,.F.);
#581 = ADVANCED_FACE('',(#582,#706,#736),#170,.F.);
#582 = FACE_BOUND('',#583,.F.);
#583 = EDGE_LOOP('',(#584,#585,#586,#609,#637,#660,#684,#705));
#584 = ORIENTED_EDGE('',*,*,#154,.F.);
#585 = ORIENTED_EDGE('',*,*,#481,.T.);
#586 = ORIENTED_EDGE('',*,*,#587,.T.);
#587 = EDGE_CURVE('',#482,#588,#590,.T.);
#588 = VERTEX_POINT('',#589);
#589 = CARTESIAN_POINT('',(17.51,-6.5,0.));
#590 = SURFACE_CURVE('',#591,(#595,#602),.PCURVE_S1.);
#591 = LINE('',#592,#593);
#592 = CARTESIAN_POINT('',(-20.51,-6.5,0.));
#593 = VECTOR('',#594,1.);
#594 = DIRECTION('',(1.,0.,0.));
#595 = PCURVE('',#170,#596);
#596 = DEFINITIONAL_REPRESENTATION('',(#597),#601);
#597 = LINE('',#598,#599);
#598 = CARTESIAN_POINT('',(0.,0.));
#599 = VECTOR('',#600,1.);
#600 = DIRECTION('',(1.,0.));
#601 = ( GEOMETRIC_REPRESENTATION_CONTEXT(2) 
PARAMETRIC_REPRESENTATION_CONTEXT() REPRESENTATION_CONTEXT('2D SPACE',''
  ) );
#602 = PCURVE('',#252,#603);
#603 = DEFINITIONAL_REPRESENTATION('',(#604),#608);
#604 = LINE('',#605,#606);
#605 = CARTESIAN_POINT('',(0.,0.));
#606 = VECTOR('',#607,1.);
#607 = DIRECTION('',(0.,1.));
#608 = ( GEOMETRIC_REPRESENTATION_CONTEXT(2) 
PARAMETRIC_REPRESENTATION_CONTEXT() REPRESENTATION_CONTEXT('2D SPACE',''
  ) );
#609 = ORIENTED_EDGE('',*,*,#610,.F.);
#610 = EDGE_CURVE('',#611,#588,#613,.T.);
#611 = VERTEX_POINT('',#612);
#612 = CARTESIAN_POINT('',(20.51,-3.5,0.));
#613 = SURFACE_CURVE('',#614,(#619,#630),.PCURVE_S1.);
#614 = CIRCLE('',#615,3.);
#615 = AXIS2_PLACEMENT_3D('',#616,#617,#618);
#616 = CARTESIAN_POINT('',(17.51,-3.5,0.));
#617 = DIRECTION('',(-0.,-0.,-1.));
#618 = DIRECTION('',(0.,-1.,0.));
#619 = PCURVE('',#170,#620);
#620 = DEFINITIONAL_REPRESENTATION('',(#621),#629);
#621 = ( BOUNDED_CURVE() B_SPLINE_CURVE(2,(#622,#623,#624,#625,#626,#627
,#628),.UNSPECIFIED.,.T.,.F.) B_SPLINE_CURVE_WITH_KNOTS((1,2,2,2,2,1),(
    -2.094395102393,0.,2.094395102393,4.188790204786,6.28318530718,
8.377580409573),.UNSPECIFIED.) CURVE() GEOMETRIC_REPRESENTATION_ITEM() 
RATIONAL_B_SPLINE_CURVE((1.,0.5,1.,0.5,1.,0.5,1.)) REPRESENTATION_ITEM(
  '') );
#622 = CARTESIAN_POINT('',(38.02,-4.440892098501E-16));
#623 = CARTESIAN_POINT('',(32.823847577293,-4.440892098501E-16));
#624 = CARTESIAN_POINT('',(35.421923788647,4.5));
#625 = CARTESIAN_POINT('',(38.02,9.));
#626 = CARTESIAN_POINT('',(40.618076211353,4.5));
#627 = CARTESIAN_POINT('',(43.216152422707,3.996802888651E-15));
#628 = CARTESIAN_POINT('',(38.02,-4.440892098501E-16));
#629 = ( GEOMETRIC_REPRESENTATION_CONTEXT(2) 
PARAMETRIC_REPRESENTATION_CONTEXT() REPRESENTATION_CONTEXT('2D SPACE',''
  ) );
#630 = PCURVE('',#285,#631);
#631 = DEFINITIONAL_REPRESENTATION('',(#632),#636);
#632 = LINE('',#633,#634);
#633 = CARTESIAN_POINT('',(4.712388980385,-0.));
#634 = VECTOR('',#635,1.);
#635 = DIRECTION('',(-1.,0.));
#636 = ( GEOMETRIC_REPRESENTATION_CONTEXT(2) 
PARAMETRIC_REPRESENTATION_CONTEXT() REPRESENTATION_CONTEXT('2D SPACE',''
  ) );
#637 = ORIENTED_EDGE('',*,*,#638,.T.);
#638 = EDGE_CURVE('',#611,#639,#641,.T.);
#639 = VERTEX_POINT('',#640);
#640 = CARTESIAN_POINT('',(20.51,5.5,0.));
#641 = SURFACE_CURVE('',#642,(#646,#653),.PCURVE_S1.);
#642 = LINE('',#643,#644);
#643 = CARTESIAN_POINT('',(20.51,-6.5,0.));
#644 = VECTOR('',#645,1.);
#645 = DIRECTION('',(0.,1.,0.));
#646 = PCURVE('',#170,#647);
#647 = DEFINITIONAL_REPRESENTATION('',(#648),#652);
#648 = LINE('',#649,#650);
#649 = CARTESIAN_POINT('',(41.02,0.));
#650 = VECTOR('',#651,1.);
#651 = DIRECTION('',(0.,1.));
#652 = ( GEOMETRIC_REPRESENTATION_CONTEXT(2) 
PARAMETRIC_REPRESENTATION_CONTEXT() REPRESENTATION_CONTEXT('2D SPACE',''
  ) );
#653 = PCURVE('',#313,#654);
#654 = DEFINITIONAL_REPRESENTATION('',(#655),#659);
#655 = LINE('',#656,#657);
#656 = CARTESIAN_POINT('',(0.,0.));
#657 = VECTOR('',#658,1.);
#658 = DIRECTION('',(0.,-1.));
#659 = ( GEOMETRIC_REPRESENTATION_CONTEXT(2) 
PARAMETRIC_REPRESENTATION_CONTEXT() REPRESENTATION_CONTEXT('2D SPACE',''
  ) );
#660 = ORIENTED_EDGE('',*,*,#661,.T.);
#661 = EDGE_CURVE('',#639,#662,#664,.T.);
#662 = VERTEX_POINT('',#663);
#663 = CARTESIAN_POINT('',(17.51,8.5,0.));
#664 = SURFACE_CURVE('',#665,(#670,#677),.PCURVE_S1.);
#665 = CIRCLE('',#666,3.);
#666 = AXIS2_PLACEMENT_3D('',#667,#668,#669);
#667 = CARTESIAN_POINT('',(17.51,5.5,0.));
#668 = DIRECTION('',(0.,0.,1.));
#669 = DIRECTION('',(0.,-1.,0.));
#670 = PCURVE('',#170,#671);
#671 = DEFINITIONAL_REPRESENTATION('',(#672),#676);
#672 = CIRCLE('',#673,3.);
#673 = AXIS2_PLACEMENT_2D('',#674,#675);
#674 = CARTESIAN_POINT('',(38.02,12.));
#675 = DIRECTION('',(0.,-1.));
#676 = ( GEOMETRIC_REPRESENTATION_CONTEXT(2) 
PARAMETRIC_REPRESENTATION_CONTEXT() REPRESENTATION_CONTEXT('2D SPACE',''
  ) );
#677 = PCURVE('',#342,#678);
#678 = DEFINITIONAL_REPRESENTATION('',(#679),#683);
#679 = LINE('',#680,#681);
#680 = CARTESIAN_POINT('',(-1.570796326795,0.));
#681 = VECTOR('',#682,1.);
#682 = DIRECTION('',(1.,0.));
#683 = ( GEOMETRIC_REPRESENTATION_CONTEXT(2) 
PARAMETRIC_REPRESENTATION_CONTEXT() REPRESENTATION_CONTEXT('2D SPACE',''
  ) );
#684 = ORIENTED_EDGE('',*,*,#685,.F.);
#685 = EDGE_CURVE('',#532,#662,#686,.T.);
#686 = SURFACE_CURVE('',#687,(#691,#698),.PCURVE_S1.);
#687 = LINE('',#688,#689);
#688 = CARTESIAN_POINT('',(-20.51,8.5,0.));
#689 = VECTOR('',#690,1.);
#690 = DIRECTION('',(1.,0.,0.));
#691 = PCURVE('',#170,#692);
#692 = DEFINITIONAL_REPRESENTATION('',(#693),#697);
#693 = LINE('',#694,#695);
#694 = CARTESIAN_POINT('',(0.,15.));
#695 = VECTOR('',#696,1.);
#696 = DIRECTION('',(1.,0.));
#697 = ( GEOMETRIC_REPRESENTATION_CONTEXT(2) 
PARAMETRIC_REPRESENTATION_CONTEXT() REPRESENTATION_CONTEXT('2D SPACE',''
  ) );
#698 = PCURVE('',#370,#699);
#699 = DEFINITIONAL_REPRESENTATION('',(#700),#704);
#700 = LINE('',#701,#702);
#701 = CARTESIAN_POINT('',(0.,0.));
#702 = VECTOR('',#703,1.);
#703 = DIRECTION('',(0.,1.));
#704 = ( GEOMETRIC_REPRESENTATION_CONTEXT(2) 
PARAMETRIC_REPRESENTATION_CONTEXT() REPRESENTATION_CONTEXT('2D SPACE',''
  ) );
#705 = ORIENTED_EDGE('',*,*,#531,.F.);
#706 = FACE_BOUND('',#707,.F.);
#707 = EDGE_LOOP('',(#708));
#708 = ORIENTED_EDGE('',*,*,#709,.T.);
#709 = EDGE_CURVE('',#710,#710,#712,.T.);
#710 = VERTEX_POINT('',#711);
#711 = CARTESIAN_POINT('',(-16.14,0.,0.));
#712 = SURFACE_CURVE('',#713,(#718,#729),.PCURVE_S1.);
#713 = CIRCLE('',#714,1.005);
#714 = AXIS2_PLACEMENT_3D('',#715,#716,#717);
#715 = CARTESIAN_POINT('',(-17.145,0.,0.));
#716 = DIRECTION('',(0.,0.,-1.));
#717 = DIRECTION('',(1.,0.,0.));
#718 = PCURVE('',#170,#719);
#719 = DEFINITIONAL_REPRESENTATION('',(#720),#728);
#720 = ( BOUNDED_CURVE() B_SPLINE_CURVE(2,(#721,#722,#723,#724,#725,#726
,#727),.UNSPECIFIED.,.T.,.F.) B_SPLINE_CURVE_WITH_KNOTS((1,2,2,2,2,1),(
    -2.094395102393,0.,2.094395102393,4.188790204786,6.28318530718,
8.377580409573),.UNSPECIFIED.) CURVE() GEOMETRIC_REPRESENTATION_ITEM() 
RATIONAL_B_SPLINE_CURVE((1.,0.5,1.,0.5,1.,0.5,1.)) REPRESENTATION_ITEM(
  '') );
#721 = CARTESIAN_POINT('',(4.37,6.5));
#722 = CARTESIAN_POINT('',(4.37,4.759288938393));
#723 = CARTESIAN_POINT('',(2.8625,5.629644469197));
#724 = CARTESIAN_POINT('',(1.355,6.5));
#725 = CARTESIAN_POINT('',(2.8625,7.370355530803));
#726 = CARTESIAN_POINT('',(4.37,8.240711061607));
#727 = CARTESIAN_POINT('',(4.37,6.5));
#728 = ( GEOMETRIC_REPRESENTATION_CONTEXT(2) 
PARAMETRIC_REPRESENTATION_CONTEXT() REPRESENTATION_CONTEXT('2D SPACE',''
  ) );
#729 = PCURVE('',#431,#730);
#730 = DEFINITIONAL_REPRESENTATION('',(#731),#735);
#731 = LINE('',#732,#733);
#732 = CARTESIAN_POINT('',(-6.28318530718,-1.));
#733 = VECTOR('',#734,1.);
#734 = DIRECTION('',(1.,-0.));
#735 = ( GEOMETRIC_REPRESENTATION_CONTEXT(2) 
PARAMETRIC_REPRESENTATION_CONTEXT() REPRESENTATION_CONTEXT('2D SPACE',''
  ) );
#736 = FACE_BOUND('',#737,.F.);
#737 = EDGE_LOOP('',(#738));
#738 = ORIENTED_EDGE('',*,*,#739,.T.);
#739 = EDGE_CURVE('',#740,#740,#742,.T.);
#740 = VERTEX_POINT('',#741);
#741 = CARTESIAN_POINT('',(18.15,0.,0.));
#742 = SURFACE_CURVE('',#743,(#748,#759),.PCURVE_S1.);
#743 = CIRCLE('',#744,1.005);
#744 = AXIS2_PLACEMENT_3D('',#745,#746,#747);
#745 = CARTESIAN_POINT('',(17.145,0.,0.));
#746 = DIRECTION('',(0.,0.,-1.));
#747 = DIRECTION('',(1.,0.,0.));
#748 = PCURVE('',#170,#749);
#749 = DEFINITIONAL_REPRESENTATION('',(#750),#758);
#750 = ( BOUNDED_CURVE() B_SPLINE_CURVE(2,(#751,#752,#753,#754,#755,#756
,#757),.UNSPECIFIED.,.T.,.F.) B_SPLINE_CURVE_WITH_KNOTS((1,2,2,2,2,1),(
    -2.094395102393,0.,2.094395102393,4.188790204786,6.28318530718,
8.377580409573),.UNSPECIFIED.) CURVE() GEOMETRIC_REPRESENTATION_ITEM() 
RATIONAL_B_SPLINE_CURVE((1.,0.5,1.,0.5,1.,0.5,1.)) REPRESENTATION_ITEM(
  '') );
#751 = CARTESIAN_POINT('',(38.66,6.5));
#752 = CARTESIAN_POINT('',(38.66,4.759288938393));
#753 = CARTESIAN_POINT('',(37.1525,5.629644469197));
#754 = CARTESIAN_POINT('',(35.645,6.5));
#755 = CARTESIAN_POINT('',(37.1525,7.370355530803));
#756 = CARTESIAN_POINT('',(38.66,8.240711061607));
#757 = CARTESIAN_POINT('',(38.66,6.5));
#758 = ( GEOMETRIC_REPRESENTATION_CONTEXT(2) 
PARAMETRIC_REPRESENTATION_CONTEXT() REPRESENTATION_CONTEXT('2D SPACE',''
  ) );
#759 = PCURVE('',#466,#760);
#760 = DEFINITIONAL_REPRESENTATION('',(#761),#765);
#761 = LINE('',#762,#763);
#762 = CARTESIAN_POINT('',(-6.28318530718,-1.));
#763 = VECTOR('',#764,1.);
#764 = DIRECTION('',(1.,-0.));
#765 = ( GEOMETRIC_REPRESENTATION_CONTEXT(2) 
PARAMETRIC_REPRESENTATION_CONTEXT() REPRESENTATION_CONTEXT('2D SPACE',''
  ) );
#766 = ADVANCED_FACE('',(#767),#252,.F.);
#767 = FACE_BOUND('',#768,.F.);
#768 = EDGE_LOOP('',(#769,#770,#771,#772));
#769 = ORIENTED_EDGE('',*,*,#587,.F.);
#770 = ORIENTED_EDGE('',*,*,#505,.T.);
#771 = ORIENTED_EDGE('',*,*,#236,.T.);
#772 = ORIENTED_EDGE('',*,*,#773,.F.);
#773 = EDGE_CURVE('',#588,#237,#774,.T.);
#774 = SURFACE_CURVE('',#775,(#779,#786),.PCURVE_S1.);
#775 = LINE('',#776,#777);
#776 = CARTESIAN_POINT('',(17.51,-6.5,0.));
#777 = VECTOR('',#778,1.);
#778 = DIRECTION('',(0.,0.,1.));
#779 = PCURVE('',#252,#780);
#780 = DEFINITIONAL_REPRESENTATION('',(#781),#785);
#781 = LINE('',#782,#783);
#782 = CARTESIAN_POINT('',(0.,38.02));
#783 = VECTOR('',#784,1.);
#784 = DIRECTION('',(1.,0.));
#785 = ( GEOMETRIC_REPRESENTATION_CONTEXT(2) 
PARAMETRIC_REPRESENTATION_CONTEXT() REPRESENTATION_CONTEXT('2D SPACE',''
  ) );
#786 = PCURVE('',#285,#787);
#787 = DEFINITIONAL_REPRESENTATION('',(#788),#792);
#788 = LINE('',#789,#790);
#789 = CARTESIAN_POINT('',(-1.570796326795,0.));
#790 = VECTOR('',#791,1.);
#791 = DIRECTION('',(-0.,1.));
#792 = ( GEOMETRIC_REPRESENTATION_CONTEXT(2) 
PARAMETRIC_REPRESENTATION_CONTEXT() REPRESENTATION_CONTEXT('2D SPACE',''
  ) );
#793 = ADVANCED_FACE('',(#794),#370,.T.);
#794 = FACE_BOUND('',#795,.T.);
#795 = EDGE_LOOP('',(#796,#797,#798,#799));
#796 = ORIENTED_EDGE('',*,*,#685,.F.);
#797 = ORIENTED_EDGE('',*,*,#559,.T.);
#798 = ORIENTED_EDGE('',*,*,#354,.T.);
#799 = ORIENTED_EDGE('',*,*,#800,.F.);
#800 = EDGE_CURVE('',#662,#326,#801,.T.);
#801 = SURFACE_CURVE('',#802,(#806,#813),.PCURVE_S1.);
#802 = LINE('',#803,#804);
#803 = CARTESIAN_POINT('',(17.51,8.5,0.));
#804 = VECTOR('',#805,1.);
#805 = DIRECTION('',(0.,0.,1.));
#806 = PCURVE('',#370,#807);
#807 = DEFINITIONAL_REPRESENTATION('',(#808),#812);
#808 = LINE('',#809,#810);
#809 = CARTESIAN_POINT('',(0.,38.02));
#810 = VECTOR('',#811,1.);
#811 = DIRECTION('',(1.,0.));
#812 = ( GEOMETRIC_REPRESENTATION_CONTEXT(2) 
PARAMETRIC_REPRESENTATION_CONTEXT() REPRESENTATION_CONTEXT('2D SPACE',''
  ) );
#813 = PCURVE('',#342,#814);
#814 = DEFINITIONAL_REPRESENTATION('',(#815),#819);
#815 = LINE('',#816,#817);
#816 = CARTESIAN_POINT('',(1.570796326795,0.));
#817 = VECTOR('',#818,1.);
#818 = DIRECTION('',(0.,1.));
#819 = ( GEOMETRIC_REPRESENTATION_CONTEXT(2) 
PARAMETRIC_REPRESENTATION_CONTEXT() REPRESENTATION_CONTEXT('2D SPACE',''
  ) );
#820 = ADVANCED_FACE('',(#821),#285,.T.);
#821 = FACE_BOUND('',#822,.F.);
#822 = EDGE_LOOP('',(#823,#824,#825,#826));
#823 = ORIENTED_EDGE('',*,*,#610,.T.);
#824 = ORIENTED_EDGE('',*,*,#773,.T.);
#825 = ORIENTED_EDGE('',*,*,#264,.F.);
#826 = ORIENTED_EDGE('',*,*,#827,.F.);
#827 = EDGE_CURVE('',#611,#265,#828,.T.);
#828 = SURFACE_CURVE('',#829,(#833,#840),.PCURVE_S1.);
#829 = LINE('',#830,#831);
#830 = CARTESIAN_POINT('',(20.51,-3.5,0.));
#831 = VECTOR('',#832,1.);
#832 = DIRECTION('',(0.,0.,1.));
#833 = PCURVE('',#285,#834);
#834 = DEFINITIONAL_REPRESENTATION('',(#835),#839);
#835 = LINE('',#836,#837);
#836 = CARTESIAN_POINT('',(-0.,0.));
#837 = VECTOR('',#838,1.);
#838 = DIRECTION('',(-0.,1.));
#839 = ( GEOMETRIC_REPRESENTATION_CONTEXT(2) 
PARAMETRIC_REPRESENTATION_CONTEXT() REPRESENTATION_CONTEXT('2D SPACE',''
  ) );
#840 = PCURVE('',#313,#841);
#841 = DEFINITIONAL_REPRESENTATION('',(#842),#846);
#842 = LINE('',#843,#844);
#843 = CARTESIAN_POINT('',(0.,-3.));
#844 = VECTOR('',#845,1.);
#845 = DIRECTION('',(1.,0.));
#846 = ( GEOMETRIC_REPRESENTATION_CONTEXT(2) 
PARAMETRIC_REPRESENTATION_CONTEXT() REPRESENTATION_CONTEXT('2D SPACE',''
  ) );
#847 = ADVANCED_FACE('',(#848),#342,.T.);
#848 = FACE_BOUND('',#849,.T.);
#849 = EDGE_LOOP('',(#850,#851,#852,#853));
#850 = ORIENTED_EDGE('',*,*,#661,.T.);
#851 = ORIENTED_EDGE('',*,*,#800,.T.);
#852 = ORIENTED_EDGE('',*,*,#325,.F.);
#853 = ORIENTED_EDGE('',*,*,#854,.F.);
#854 = EDGE_CURVE('',#639,#298,#855,.T.);
#855 = SURFACE_CURVE('',#856,(#860,#867),.PCURVE_S1.);
#856 = LINE('',#857,#858);
#857 = CARTESIAN_POINT('',(20.51,5.5,0.));
#858 = VECTOR('',#859,1.);
#859 = DIRECTION('',(0.,0.,1.));
#860 = PCURVE('',#342,#861);
#861 = DEFINITIONAL_REPRESENTATION('',(#862),#866);
#862 = LINE('',#863,#864);
#863 = CARTESIAN_POINT('',(0.,0.));
#864 = VECTOR('',#865,1.);
#865 = DIRECTION('',(0.,1.));
#866 = ( GEOMETRIC_REPRESENTATION_CONTEXT(2) 
PARAMETRIC_REPRESENTATION_CONTEXT() REPRESENTATION_CONTEXT('2D SPACE',''
  ) );
#867 = PCURVE('',#313,#868);
#868 = DEFINITIONAL_REPRESENTATION('',(#869),#873);
#869 = LINE('',#870,#871);
#870 = CARTESIAN_POINT('',(0.,-12.));
#871 = VECTOR('',#872,1.);
#872 = DIRECTION('',(1.,0.));
#873 = ( GEOMETRIC_REPRESENTATION_CONTEXT(2) 
PARAMETRIC_REPRESENTATION_CONTEXT() REPRESENTATION_CONTEXT('2D SPACE',''
  ) );
#874 = ADVANCED_FACE('',(#875),#313,.T.);
#875 = FACE_BOUND('',#876,.T.);
#876 = EDGE_LOOP('',(#877,#878,#879,#880));
#877 = ORIENTED_EDGE('',*,*,#297,.F.);
#878 = ORIENTED_EDGE('',*,*,#827,.F.);
#879 = ORIENTED_EDGE('',*,*,#638,.T.);
#880 = ORIENTED_EDGE('',*,*,#854,.T.);
#881 = ADVANCED_FACE('',(#882),#431,.F.);
#882 = FACE_BOUND('',#883,.T.);
#883 = EDGE_LOOP('',(#884,#885,#906,#907));
#884 = ORIENTED_EDGE('',*,*,#709,.T.);
#885 = ORIENTED_EDGE('',*,*,#886,.T.);
#886 = EDGE_CURVE('',#710,#411,#887,.T.);
#887 = SEAM_CURVE('',#888,(#892,#899),.PCURVE_S1.);
#888 = LINE('',#889,#890);
#889 = CARTESIAN_POINT('',(-16.14,0.,-1.));
#890 = VECTOR('',#891,1.);
#891 = DIRECTION('',(0.,0.,1.));
#892 = PCURVE('',#431,#893);
#893 = DEFINITIONAL_REPRESENTATION('',(#894),#898);
#894 = LINE('',#895,#896);
#895 = CARTESIAN_POINT('',(-6.28318530718,0.));
#896 = VECTOR('',#897,1.);
#897 = DIRECTION('',(-0.,-1.));
#898 = ( GEOMETRIC_REPRESENTATION_CONTEXT(2) 
PARAMETRIC_REPRESENTATION_CONTEXT() REPRESENTATION_CONTEXT('2D SPACE',''
  ) );
#899 = PCURVE('',#431,#900);
#900 = DEFINITIONAL_REPRESENTATION('',(#901),#905);
#901 = LINE('',#902,#903);
#902 = CARTESIAN_POINT('',(-0.,0.));
#903 = VECTOR('',#904,1.);
#904 = DIRECTION('',(-0.,-1.));
#905 = ( GEOMETRIC_REPRESENTATION_CONTEXT(2) 
PARAMETRIC_REPRESENTATION_CONTEXT() REPRESENTATION_CONTEXT('2D SPACE',''
  ) );
#906 = ORIENTED_EDGE('',*,*,#410,.F.);
#907 = ORIENTED_EDGE('',*,*,#886,.F.);
#908 = ADVANCED_FACE('',(#909),#466,.F.);
#909 = FACE_BOUND('',#910,.T.);
#910 = EDGE_LOOP('',(#911,#912,#933,#934));
#911 = ORIENTED_EDGE('',*,*,#739,.T.);
#912 = ORIENTED_EDGE('',*,*,#913,.T.);
#913 = EDGE_CURVE('',#740,#446,#914,.T.);
#914 = SEAM_CURVE('',#915,(#919,#926),.PCURVE_S1.);
#915 = LINE('',#916,#917);
#916 = CARTESIAN_POINT('',(18.15,0.,-1.));
#917 = VECTOR('',#918,1.);
#918 = DIRECTION('',(0.,0.,1.));
#919 = PCURVE('',#466,#920);
#920 = DEFINITIONAL_REPRESENTATION('',(#921),#925);
#921 = LINE('',#922,#923);
#922 = CARTESIAN_POINT('',(-6.28318530718,0.));
#923 = VECTOR('',#924,1.);
#924 = DIRECTION('',(-0.,-1.));
#925 = ( GEOMETRIC_REPRESENTATION_CONTEXT(2) 
PARAMETRIC_REPRESENTATION_CONTEXT() REPRESENTATION_CONTEXT('2D SPACE',''
  ) );
#926 = PCURVE('',#466,#927);
#927 = DEFINITIONAL_REPRESENTATION('',(#928),#932);
#928 = LINE('',#929,#930);
#929 = CARTESIAN_POINT('',(-0.,0.));
#930 = VECTOR('',#931,1.);
#931 = DIRECTION('',(-0.,-1.));
#932 = ( GEOMETRIC_REPRESENTATION_CONTEXT(2) 
PARAMETRIC_REPRESENTATION_CONTEXT() REPRESENTATION_CONTEXT('2D SPACE',''
  ) );
#933 = ORIENTED_EDGE('',*,*,#445,.F.);
#934 = ORIENTED_EDGE('',*,*,#913,.F.);
#935 = ( GEOMETRIC_REPRESENTATION_CONTEXT(3) 
GLOBAL_UNCERTAINTY_ASSIGNED_CONTEXT((#939)) GLOBAL_UNIT_ASSIGNED_CONTEXT
((#936,#937,#938)) REPRESENTATION_CONTEXT('Context #1',
  '3D Context with UNIT and UNCERTAINTY') );
#936 = ( LENGTH_UNIT() NAMED_UNIT(*) SI_UNIT(.MILLI.,.METRE.) );
#937 = ( NAMED_UNIT(*) PLANE_ANGLE_UNIT() SI_UNIT($,.RADIAN.) );
#938 = ( NAMED_UNIT(*) SI_UNIT($,.STERADIAN.) SOLID_ANGLE_UNIT() );
#939 = UNCERTAINTY_MEASURE_WITH_UNIT(LENGTH_MEASURE(1.E-07),#936,
  'distance_accuracy_value','confusion accuracy');
#940 = CONTEXT_DEPENDENT_SHAPE_REPRESENTATION(#941,#943);
#941 = ( REPRESENTATION_RELATIONSHIP('','',#84,#10) 
REPRESENTATION_RELATIONSHIP_WITH_TRANSFORMATION(#942) 
SHAPE_REPRESENTATION_RELATIONSHIP() );
#942 = ITEM_DEFINED_TRANSFORMATION('','',#11,#15);
#943 = PRODUCT_DEFINITION_SHAPE('Placement','Placement of an item',#944
  );
#944 = NEXT_ASSEMBLY_USAGE_OCCURRENCE('1',
  'DEUTSCH_DTM13-12P-R005_Horizontal_0','',#5,#79,$);
#945 = PRODUCT_RELATED_PRODUCT_CATEGORY('part',$,(#81));
#946 = SHAPE_DEFINITION_REPRESENTATION(#947,#953);
#947 = PRODUCT_DEFINITION_SHAPE('','',#948);
#948 = PRODUCT_DEFINITION('design','',#949,#952);
#949 = PRODUCT_DEFINITION_FORMATION('','',#950);
#950 = PRODUCT('DEUTSCH_DTM13-12P-R005_Horizontal_1',
  'DEUTSCH_DTM13-12P-R005_Horizontal_1','',(#951));
#951 = PRODUCT_CONTEXT('',#2,'mechanical');
#952 = PRODUCT_DEFINITION_CONTEXT('part definition',#2,'design');
#953 = ADVANCED_BREP_SHAPE_REPRESENTATION('',(#11,#954),#1934);
#954 = MANIFOLD_SOLID_BREP('',#955);
#955 = CLOSED_SHELL('',(#956,#1076,#1382,#1436,#1486,#1611,#1638,#1665,
    #1692,#1719,#1726,#1802,#1851,#1900,#1927));
#956 = ADVANCED_FACE('',(#957),#971,.F.);
#957 = FACE_BOUND('',#958,.F.);
#958 = EDGE_LOOP('',(#959,#994,#1022,#1050));
#959 = ORIENTED_EDGE('',*,*,#960,.F.);
#960 = EDGE_CURVE('',#961,#963,#965,.T.);
#961 = VERTEX_POINT('',#962);
#962 = CARTESIAN_POINT('',(-17.41,-29.6,2.5));
#963 = VERTEX_POINT('',#964);
#964 = CARTESIAN_POINT('',(-17.41,-29.6,21.78));
#965 = SURFACE_CURVE('',#966,(#970,#982),.PCURVE_S1.);
#966 = LINE('',#967,#968);
#967 = CARTESIAN_POINT('',(-17.41,-29.6,0.));
#968 = VECTOR('',#969,1.);
#969 = DIRECTION('',(0.,0.,1.));
#970 = PCURVE('',#971,#976);
#971 = PLANE('',#972);
#972 = AXIS2_PLACEMENT_3D('',#973,#974,#975);
#973 = CARTESIAN_POINT('',(-17.41,-29.6,0.));
#974 = DIRECTION('',(1.,0.,0.));
#975 = DIRECTION('',(0.,0.,1.));
#976 = DEFINITIONAL_REPRESENTATION('',(#977),#981);
#977 = LINE('',#978,#979);
#978 = CARTESIAN_POINT('',(0.,0.));
#979 = VECTOR('',#980,1.);
#980 = DIRECTION('',(1.,0.));
#981 = ( GEOMETRIC_REPRESENTATION_CONTEXT(2) 
PARAMETRIC_REPRESENTATION_CONTEXT() REPRESENTATION_CONTEXT('2D SPACE',''
  ) );
#982 = PCURVE('',#983,#988);
#983 = PLANE('',#984);
#984 = AXIS2_PLACEMENT_3D('',#985,#986,#987);
#985 = CARTESIAN_POINT('',(-17.41,-29.6,0.));
#986 = DIRECTION('',(0.,1.,0.));
#987 = DIRECTION('',(0.,0.,1.));
#988 = DEFINITIONAL_REPRESENTATION('',(#989),#993);
#989 = LINE('',#990,#991);
#990 = CARTESIAN_POINT('',(0.,0.));
#991 = VECTOR('',#992,1.);
#992 = DIRECTION('',(1.,0.));
#993 = ( GEOMETRIC_REPRESENTATION_CONTEXT(2) 
PARAMETRIC_REPRESENTATION_CONTEXT() REPRESENTATION_CONTEXT('2D SPACE',''
  ) );
#994 = ORIENTED_EDGE('',*,*,#995,.T.);
#995 = EDGE_CURVE('',#961,#996,#998,.T.);
#996 = VERTEX_POINT('',#997);
#997 = CARTESIAN_POINT('',(-17.41,8.5,2.5));
#998 = SURFACE_CURVE('',#999,(#1003,#1010),.PCURVE_S1.);
#999 = LINE('',#1000,#1001);
#1000 = CARTESIAN_POINT('',(-17.41,-29.6,2.5));
#1001 = VECTOR('',#1002,1.);
#1002 = DIRECTION('',(0.,1.,0.));
#1003 = PCURVE('',#971,#1004);
#1004 = DEFINITIONAL_REPRESENTATION('',(#1005),#1009);
#1005 = LINE('',#1006,#1007);
#1006 = CARTESIAN_POINT('',(2.5,0.));
#1007 = VECTOR('',#1008,1.);
#1008 = DIRECTION('',(0.,-1.));
#1009 = ( GEOMETRIC_REPRESENTATION_CONTEXT(2) 
PARAMETRIC_REPRESENTATION_CONTEXT() REPRESENTATION_CONTEXT('2D SPACE',''
  ) );
#1010 = PCURVE('',#1011,#1016);
#1011 = CYLINDRICAL_SURFACE('',#1012,2.5);
#1012 = AXIS2_PLACEMENT_3D('',#1013,#1014,#1015);
#1013 = CARTESIAN_POINT('',(-14.91,-29.6,2.5));
#1014 = DIRECTION('',(0.,1.,0.));
#1015 = DIRECTION('',(-1.,0.,0.));
#1016 = DEFINITIONAL_REPRESENTATION('',(#1017),#1021);
#1017 = LINE('',#1018,#1019);
#1018 = CARTESIAN_POINT('',(-0.,0.));
#1019 = VECTOR('',#1020,1.);
#1020 = DIRECTION('',(-0.,1.));
#1021 = ( GEOMETRIC_REPRESENTATION_CONTEXT(2) 
PARAMETRIC_REPRESENTATION_CONTEXT() REPRESENTATION_CONTEXT('2D SPACE',''
  ) );
#1022 = ORIENTED_EDGE('',*,*,#1023,.T.);
#1023 = EDGE_CURVE('',#996,#1024,#1026,.T.);
#1024 = VERTEX_POINT('',#1025);
#1025 = CARTESIAN_POINT('',(-17.41,8.5,21.78));
#1026 = SURFACE_CURVE('',#1027,(#1031,#1038),.PCURVE_S1.);
#1027 = LINE('',#1028,#1029);
#1028 = CARTESIAN_POINT('',(-17.41,8.5,0.));
#1029 = VECTOR('',#1030,1.);
#1030 = DIRECTION('',(0.,0.,1.));
#1031 = PCURVE('',#971,#1032);
#1032 = DEFINITIONAL_REPRESENTATION('',(#1033),#1037);
#1033 = LINE('',#1034,#1035);
#1034 = CARTESIAN_POINT('',(0.,-38.1));
#1035 = VECTOR('',#1036,1.);
#1036 = DIRECTION('',(1.,0.));
#1037 = ( GEOMETRIC_REPRESENTATION_CONTEXT(2) 
PARAMETRIC_REPRESENTATION_CONTEXT() REPRESENTATION_CONTEXT('2D SPACE',''
  ) );
#1038 = PCURVE('',#1039,#1044);
#1039 = PLANE('',#1040);
#1040 = AXIS2_PLACEMENT_3D('',#1041,#1042,#1043);
#1041 = CARTESIAN_POINT('',(-17.41,8.5,0.));
#1042 = DIRECTION('',(0.,1.,0.));
#1043 = DIRECTION('',(0.,0.,1.));
#1044 = DEFINITIONAL_REPRESENTATION('',(#1045),#1049);
#1045 = LINE('',#1046,#1047);
#1046 = CARTESIAN_POINT('',(0.,0.));
#1047 = VECTOR('',#1048,1.);
#1048 = DIRECTION('',(1.,0.));
#1049 = ( GEOMETRIC_REPRESENTATION_CONTEXT(2) 
PARAMETRIC_REPRESENTATION_CONTEXT() REPRESENTATION_CONTEXT('2D SPACE',''
  ) );
#1050 = ORIENTED_EDGE('',*,*,#1051,.F.);
#1051 = EDGE_CURVE('',#963,#1024,#1052,.T.);
#1052 = SURFACE_CURVE('',#1053,(#1057,#1064),.PCURVE_S1.);
#1053 = LINE('',#1054,#1055);
#1054 = CARTESIAN_POINT('',(-17.41,-29.6,21.78));
#1055 = VECTOR('',#1056,1.);
#1056 = DIRECTION('',(0.,1.,0.));
#1057 = PCURVE('',#971,#1058);
#1058 = DEFINITIONAL_REPRESENTATION('',(#1059),#1063);
#1059 = LINE('',#1060,#1061);
#1060 = CARTESIAN_POINT('',(21.78,0.));
#1061 = VECTOR('',#1062,1.);
#1062 = DIRECTION('',(0.,-1.));
#1063 = ( GEOMETRIC_REPRESENTATION_CONTEXT(2) 
PARAMETRIC_REPRESENTATION_CONTEXT() REPRESENTATION_CONTEXT('2D SPACE',''
  ) );
#1064 = PCURVE('',#1065,#1070);
#1065 = CYLINDRICAL_SURFACE('',#1066,2.5);
#1066 = AXIS2_PLACEMENT_3D('',#1067,#1068,#1069);
#1067 = CARTESIAN_POINT('',(-14.91,-29.6,21.78));
#1068 = DIRECTION('',(0.,1.,0.));
#1069 = DIRECTION('',(-1.,0.,0.));
#1070 = DEFINITIONAL_REPRESENTATION('',(#1071),#1075);
#1071 = LINE('',#1072,#1073);
#1072 = CARTESIAN_POINT('',(0.,0.));
#1073 = VECTOR('',#1074,1.);
#1074 = DIRECTION('',(0.,1.));
#1075 = ( GEOMETRIC_REPRESENTATION_CONTEXT(2) 
PARAMETRIC_REPRESENTATION_CONTEXT() REPRESENTATION_CONTEXT('2D SPACE',''
  ) );
#1076 = ADVANCED_FACE('',(#1077,#1276),#983,.F.);
#1077 = FACE_BOUND('',#1078,.F.);
#1078 = EDGE_LOOP('',(#1079,#1109,#1135,#1136,#1160,#1188,#1221,#1249));
#1079 = ORIENTED_EDGE('',*,*,#1080,.F.);
#1080 = EDGE_CURVE('',#1081,#1083,#1085,.T.);
#1081 = VERTEX_POINT('',#1082);
#1082 = CARTESIAN_POINT('',(-14.91,-29.6,-4.440892098501E-16));
#1083 = VERTEX_POINT('',#1084);
#1084 = CARTESIAN_POINT('',(14.91,-29.6,-4.440892098501E-16));
#1085 = SURFACE_CURVE('',#1086,(#1090,#1097),.PCURVE_S1.);
#1086 = LINE('',#1087,#1088);
#1087 = CARTESIAN_POINT('',(-17.41,-29.6,0.));
#1088 = VECTOR('',#1089,1.);
#1089 = DIRECTION('',(1.,0.,0.));
#1090 = PCURVE('',#983,#1091);
#1091 = DEFINITIONAL_REPRESENTATION('',(#1092),#1096);
#1092 = LINE('',#1093,#1094);
#1093 = CARTESIAN_POINT('',(0.,0.));
#1094 = VECTOR('',#1095,1.);
#1095 = DIRECTION('',(0.,1.));
#1096 = ( GEOMETRIC_REPRESENTATION_CONTEXT(2) 
PARAMETRIC_REPRESENTATION_CONTEXT() REPRESENTATION_CONTEXT('2D SPACE',''
  ) );
#1097 = PCURVE('',#1098,#1103);
#1098 = PLANE('',#1099);
#1099 = AXIS2_PLACEMENT_3D('',#1100,#1101,#1102);
#1100 = CARTESIAN_POINT('',(-17.41,-29.6,0.));
#1101 = DIRECTION('',(0.,0.,1.));
#1102 = DIRECTION('',(1.,0.,0.));
#1103 = DEFINITIONAL_REPRESENTATION('',(#1104),#1108);
#1104 = LINE('',#1105,#1106);
#1105 = CARTESIAN_POINT('',(0.,0.));
#1106 = VECTOR('',#1107,1.);
#1107 = DIRECTION('',(1.,0.));
#1108 = ( GEOMETRIC_REPRESENTATION_CONTEXT(2) 
PARAMETRIC_REPRESENTATION_CONTEXT() REPRESENTATION_CONTEXT('2D SPACE',''
  ) );
#1109 = ORIENTED_EDGE('',*,*,#1110,.F.);
#1110 = EDGE_CURVE('',#961,#1081,#1111,.T.);
#1111 = SURFACE_CURVE('',#1112,(#1117,#1128),.PCURVE_S1.);
#1112 = CIRCLE('',#1113,2.5);
#1113 = AXIS2_PLACEMENT_3D('',#1114,#1115,#1116);
#1114 = CARTESIAN_POINT('',(-14.91,-29.6,2.5));
#1115 = DIRECTION('',(-0.,-1.,0.));
#1116 = DIRECTION('',(0.,-0.,1.));
#1117 = PCURVE('',#983,#1118);
#1118 = DEFINITIONAL_REPRESENTATION('',(#1119),#1127);
#1119 = ( BOUNDED_CURVE() B_SPLINE_CURVE(2,(#1120,#1121,#1122,#1123,
#1124,#1125,#1126),.UNSPECIFIED.,.T.,.F.) B_SPLINE_CURVE_WITH_KNOTS((1,2
    ,2,2,2,1),(-2.094395102393,0.,2.094395102393,4.188790204786,
6.28318530718,8.377580409573),.UNSPECIFIED.) CURVE() 
GEOMETRIC_REPRESENTATION_ITEM() RATIONAL_B_SPLINE_CURVE((1.,0.5,1.,0.5,
1.,0.5,1.)) REPRESENTATION_ITEM('') );
#1120 = CARTESIAN_POINT('',(5.,2.5));
#1121 = CARTESIAN_POINT('',(5.,-1.830127018922));
#1122 = CARTESIAN_POINT('',(1.25,0.334936490539));
#1123 = CARTESIAN_POINT('',(-2.5,2.5));
#1124 = CARTESIAN_POINT('',(1.25,4.665063509461));
#1125 = CARTESIAN_POINT('',(5.,6.830127018922));
#1126 = CARTESIAN_POINT('',(5.,2.5));
#1127 = ( GEOMETRIC_REPRESENTATION_CONTEXT(2) 
PARAMETRIC_REPRESENTATION_CONTEXT() REPRESENTATION_CONTEXT('2D SPACE',''
  ) );
#1128 = PCURVE('',#1011,#1129);
#1129 = DEFINITIONAL_REPRESENTATION('',(#1130),#1134);
#1130 = LINE('',#1131,#1132);
#1131 = CARTESIAN_POINT('',(1.570796326795,-0.));
#1132 = VECTOR('',#1133,1.);
#1133 = DIRECTION('',(-1.,0.));
#1134 = ( GEOMETRIC_REPRESENTATION_CONTEXT(2) 
PARAMETRIC_REPRESENTATION_CONTEXT() REPRESENTATION_CONTEXT('2D SPACE',''
  ) );
#1135 = ORIENTED_EDGE('',*,*,#960,.T.);
#1136 = ORIENTED_EDGE('',*,*,#1137,.T.);
#1137 = EDGE_CURVE('',#963,#1138,#1140,.T.);
#1138 = VERTEX_POINT('',#1139);
#1139 = CARTESIAN_POINT('',(-14.91,-29.6,24.28));
#1140 = SURFACE_CURVE('',#1141,(#1146,#1153),.PCURVE_S1.);
#1141 = CIRCLE('',#1142,2.5);
#1142 = AXIS2_PLACEMENT_3D('',#1143,#1144,#1145);
#1143 = CARTESIAN_POINT('',(-14.91,-29.6,21.78));
#1144 = DIRECTION('',(0.,1.,0.));
#1145 = DIRECTION('',(0.,-0.,1.));
#1146 = PCURVE('',#983,#1147);
#1147 = DEFINITIONAL_REPRESENTATION('',(#1148),#1152);
#1148 = CIRCLE('',#1149,2.5);
#1149 = AXIS2_PLACEMENT_2D('',#1150,#1151);
#1150 = CARTESIAN_POINT('',(21.78,2.5));
#1151 = DIRECTION('',(1.,0.));
#1152 = ( GEOMETRIC_REPRESENTATION_CONTEXT(2) 
PARAMETRIC_REPRESENTATION_CONTEXT() REPRESENTATION_CONTEXT('2D SPACE',''
  ) );
#1153 = PCURVE('',#1065,#1154);
#1154 = DEFINITIONAL_REPRESENTATION('',(#1155),#1159);
#1155 = LINE('',#1156,#1157);
#1156 = CARTESIAN_POINT('',(-4.712388980385,0.));
#1157 = VECTOR('',#1158,1.);
#1158 = DIRECTION('',(1.,0.));
#1159 = ( GEOMETRIC_REPRESENTATION_CONTEXT(2) 
PARAMETRIC_REPRESENTATION_CONTEXT() REPRESENTATION_CONTEXT('2D SPACE',''
  ) );
#1160 = ORIENTED_EDGE('',*,*,#1161,.T.);
#1161 = EDGE_CURVE('',#1138,#1162,#1164,.T.);
#1162 = VERTEX_POINT('',#1163);
#1163 = CARTESIAN_POINT('',(14.91,-29.6,24.28));
#1164 = SURFACE_CURVE('',#1165,(#1169,#1176),.PCURVE_S1.);
#1165 = LINE('',#1166,#1167);
#1166 = CARTESIAN_POINT('',(-17.41,-29.6,24.28));
#1167 = VECTOR('',#1168,1.);
#1168 = DIRECTION('',(1.,0.,0.));
#1169 = PCURVE('',#983,#1170);
#1170 = DEFINITIONAL_REPRESENTATION('',(#1171),#1175);
#1171 = LINE('',#1172,#1173);
#1172 = CARTESIAN_POINT('',(24.28,0.));
#1173 = VECTOR('',#1174,1.);
#1174 = DIRECTION('',(0.,1.));
#1175 = ( GEOMETRIC_REPRESENTATION_CONTEXT(2) 
PARAMETRIC_REPRESENTATION_CONTEXT() REPRESENTATION_CONTEXT('2D SPACE',''
  ) );
#1176 = PCURVE('',#1177,#1182);
#1177 = PLANE('',#1178);
#1178 = AXIS2_PLACEMENT_3D('',#1179,#1180,#1181);
#1179 = CARTESIAN_POINT('',(-17.41,-29.6,24.28));
#1180 = DIRECTION('',(0.,0.,1.));
#1181 = DIRECTION('',(1.,0.,0.));
#1182 = DEFINITIONAL_REPRESENTATION('',(#1183),#1187);
#1183 = LINE('',#1184,#1185);
#1184 = CARTESIAN_POINT('',(0.,0.));
#1185 = VECTOR('',#1186,1.);
#1186 = DIRECTION('',(1.,0.));
#1187 = ( GEOMETRIC_REPRESENTATION_CONTEXT(2) 
PARAMETRIC_REPRESENTATION_CONTEXT() REPRESENTATION_CONTEXT('2D SPACE',''
  ) );
#1188 = ORIENTED_EDGE('',*,*,#1189,.F.);
#1189 = EDGE_CURVE('',#1190,#1162,#1192,.T.);
#1190 = VERTEX_POINT('',#1191);
#1191 = CARTESIAN_POINT('',(17.41,-29.6,21.78));
#1192 = SURFACE_CURVE('',#1193,(#1198,#1209),.PCURVE_S1.);
#1193 = CIRCLE('',#1194,2.5);
#1194 = AXIS2_PLACEMENT_3D('',#1195,#1196,#1197);
#1195 = CARTESIAN_POINT('',(14.91,-29.6,21.78));
#1196 = DIRECTION('',(-0.,-1.,0.));
#1197 = DIRECTION('',(0.,-0.,1.));
#1198 = PCURVE('',#983,#1199);
#1199 = DEFINITIONAL_REPRESENTATION('',(#1200),#1208);
#1200 = ( BOUNDED_CURVE() B_SPLINE_CURVE(2,(#1201,#1202,#1203,#1204,
#1205,#1206,#1207),.UNSPECIFIED.,.T.,.F.) B_SPLINE_CURVE_WITH_KNOTS((1,2
    ,2,2,2,1),(-2.094395102393,0.,2.094395102393,4.188790204786,
6.28318530718,8.377580409573),.UNSPECIFIED.) CURVE() 
GEOMETRIC_REPRESENTATION_ITEM() RATIONAL_B_SPLINE_CURVE((1.,0.5,1.,0.5,
1.,0.5,1.)) REPRESENTATION_ITEM('') );
#1201 = CARTESIAN_POINT('',(24.28,32.32));
#1202 = CARTESIAN_POINT('',(24.28,27.989872981078));
#1203 = CARTESIAN_POINT('',(20.53,30.154936490539));
#1204 = CARTESIAN_POINT('',(16.78,32.32));
#1205 = CARTESIAN_POINT('',(20.53,34.485063509461));
#1206 = CARTESIAN_POINT('',(24.28,36.650127018922));
#1207 = CARTESIAN_POINT('',(24.28,32.32));
#1208 = ( GEOMETRIC_REPRESENTATION_CONTEXT(2) 
PARAMETRIC_REPRESENTATION_CONTEXT() REPRESENTATION_CONTEXT('2D SPACE',''
  ) );
#1209 = PCURVE('',#1210,#1215);
#1210 = CYLINDRICAL_SURFACE('',#1211,2.5);
#1211 = AXIS2_PLACEMENT_3D('',#1212,#1213,#1214);
#1212 = CARTESIAN_POINT('',(14.91,-29.6,21.78));
#1213 = DIRECTION('',(0.,1.,0.));
#1214 = DIRECTION('',(1.,0.,-0.));
#1215 = DEFINITIONAL_REPRESENTATION('',(#1216),#1220);
#1216 = LINE('',#1217,#1218);
#1217 = CARTESIAN_POINT('',(4.712388980385,-0.));
#1218 = VECTOR('',#1219,1.);
#1219 = DIRECTION('',(-1.,0.));
#1220 = ( GEOMETRIC_REPRESENTATION_CONTEXT(2) 
PARAMETRIC_REPRESENTATION_CONTEXT() REPRESENTATION_CONTEXT('2D SPACE',''
  ) );
#1221 = ORIENTED_EDGE('',*,*,#1222,.F.);
#1222 = EDGE_CURVE('',#1223,#1190,#1225,.T.);
#1223 = VERTEX_POINT('',#1224);
#1224 = CARTESIAN_POINT('',(17.41,-29.6,2.5));
#1225 = SURFACE_CURVE('',#1226,(#1230,#1237),.PCURVE_S1.);
#1226 = LINE('',#1227,#1228);
#1227 = CARTESIAN_POINT('',(17.41,-29.6,0.));
#1228 = VECTOR('',#1229,1.);
#1229 = DIRECTION('',(0.,0.,1.));
#1230 = PCURVE('',#983,#1231);
#1231 = DEFINITIONAL_REPRESENTATION('',(#1232),#1236);
#1232 = LINE('',#1233,#1234);
#1233 = CARTESIAN_POINT('',(0.,34.82));
#1234 = VECTOR('',#1235,1.);
#1235 = DIRECTION('',(1.,0.));
#1236 = ( GEOMETRIC_REPRESENTATION_CONTEXT(2) 
PARAMETRIC_REPRESENTATION_CONTEXT() REPRESENTATION_CONTEXT('2D SPACE',''
  ) );
#1237 = PCURVE('',#1238,#1243);
#1238 = PLANE('',#1239);
#1239 = AXIS2_PLACEMENT_3D('',#1240,#1241,#1242);
#1240 = CARTESIAN_POINT('',(17.41,-29.6,0.));
#1241 = DIRECTION('',(1.,0.,0.));
#1242 = DIRECTION('',(0.,0.,1.));
#1243 = DEFINITIONAL_REPRESENTATION('',(#1244),#1248);
#1244 = LINE('',#1245,#1246);
#1245 = CARTESIAN_POINT('',(0.,0.));
#1246 = VECTOR('',#1247,1.);
#1247 = DIRECTION('',(1.,0.));
#1248 = ( GEOMETRIC_REPRESENTATION_CONTEXT(2) 
PARAMETRIC_REPRESENTATION_CONTEXT() REPRESENTATION_CONTEXT('2D SPACE',''
  ) );
#1249 = ORIENTED_EDGE('',*,*,#1250,.T.);
#1250 = EDGE_CURVE('',#1223,#1083,#1251,.T.);
#1251 = SURFACE_CURVE('',#1252,(#1257,#1264),.PCURVE_S1.);
#1252 = CIRCLE('',#1253,2.5);
#1253 = AXIS2_PLACEMENT_3D('',#1254,#1255,#1256);
#1254 = CARTESIAN_POINT('',(14.91,-29.6,2.5));
#1255 = DIRECTION('',(0.,1.,0.));
#1256 = DIRECTION('',(0.,-0.,1.));
#1257 = PCURVE('',#983,#1258);
#1258 = DEFINITIONAL_REPRESENTATION('',(#1259),#1263);
#1259 = CIRCLE('',#1260,2.5);
#1260 = AXIS2_PLACEMENT_2D('',#1261,#1262);
#1261 = CARTESIAN_POINT('',(2.5,32.32));
#1262 = DIRECTION('',(1.,0.));
#1263 = ( GEOMETRIC_REPRESENTATION_CONTEXT(2) 
PARAMETRIC_REPRESENTATION_CONTEXT() REPRESENTATION_CONTEXT('2D SPACE',''
  ) );
#1264 = PCURVE('',#1265,#1270);
#1265 = CYLINDRICAL_SURFACE('',#1266,2.5);
#1266 = AXIS2_PLACEMENT_3D('',#1267,#1268,#1269);
#1267 = CARTESIAN_POINT('',(14.91,-29.6,2.5));
#1268 = DIRECTION('',(0.,1.,0.));
#1269 = DIRECTION('',(1.,0.,-0.));
#1270 = DEFINITIONAL_REPRESENTATION('',(#1271),#1275);
#1271 = LINE('',#1272,#1273);
#1272 = CARTESIAN_POINT('',(-1.570796326795,0.));
#1273 = VECTOR('',#1274,1.);
#1274 = DIRECTION('',(1.,0.));
#1275 = ( GEOMETRIC_REPRESENTATION_CONTEXT(2) 
PARAMETRIC_REPRESENTATION_CONTEXT() REPRESENTATION_CONTEXT('2D SPACE',''
  ) );
#1276 = FACE_BOUND('',#1277,.F.);
#1277 = EDGE_LOOP('',(#1278,#1306,#1332,#1358));
#1278 = ORIENTED_EDGE('',*,*,#1279,.F.);
#1279 = EDGE_CURVE('',#1280,#1282,#1284,.T.);
#1280 = VERTEX_POINT('',#1281);
#1281 = CARTESIAN_POINT('',(-14.37,-29.6,20.5));
#1282 = VERTEX_POINT('',#1283);
#1283 = CARTESIAN_POINT('',(14.37,-29.6,20.5));
#1284 = SURFACE_CURVE('',#1285,(#1289,#1295),.PCURVE_S1.);
#1285 = LINE('',#1286,#1287);
#1286 = CARTESIAN_POINT('',(-15.89,-29.6,20.5));
#1287 = VECTOR('',#1288,1.);
#1288 = DIRECTION('',(1.,0.,0.));
#1289 = PCURVE('',#983,#1290);
#1290 = DEFINITIONAL_REPRESENTATION('',(#1291),#1294);
#1291 = B_SPLINE_CURVE_WITH_KNOTS('',1,(#1292,#1293),.UNSPECIFIED.,.F.,
  .F.,(2,2),(1.52,30.26),.PIECEWISE_BEZIER_KNOTS.);
#1292 = CARTESIAN_POINT('',(20.5,3.04));
#1293 = CARTESIAN_POINT('',(20.5,31.78));
#1294 = ( GEOMETRIC_REPRESENTATION_CONTEXT(2) 
PARAMETRIC_REPRESENTATION_CONTEXT() REPRESENTATION_CONTEXT('2D SPACE',''
  ) );
#1295 = PCURVE('',#1296,#1301);
#1296 = PLANE('',#1297);
#1297 = AXIS2_PLACEMENT_3D('',#1298,#1299,#1300);
#1298 = CARTESIAN_POINT('',(-14.37,-30.,20.5));
#1299 = DIRECTION('',(0.,0.,1.));
#1300 = DIRECTION('',(1.,0.,0.));
#1301 = DEFINITIONAL_REPRESENTATION('',(#1302),#1305);
#1302 = B_SPLINE_CURVE_WITH_KNOTS('',1,(#1303,#1304),.UNSPECIFIED.,.F.,
  .F.,(2,2),(1.52,30.26),.PIECEWISE_BEZIER_KNOTS.);
#1303 = CARTESIAN_POINT('',(0.,0.4));
#1304 = CARTESIAN_POINT('',(28.74,0.4));
#1305 = ( GEOMETRIC_REPRESENTATION_CONTEXT(2) 
PARAMETRIC_REPRESENTATION_CONTEXT() REPRESENTATION_CONTEXT('2D SPACE',''
  ) );
#1306 = ORIENTED_EDGE('',*,*,#1307,.T.);
#1307 = EDGE_CURVE('',#1280,#1308,#1310,.T.);
#1308 = VERTEX_POINT('',#1309);
#1309 = CARTESIAN_POINT('',(-14.37,-29.6,3.5));
#1310 = SURFACE_CURVE('',#1311,(#1315,#1321),.PCURVE_S1.);
#1311 = LINE('',#1312,#1313);
#1312 = CARTESIAN_POINT('',(-14.37,-29.6,1.75));
#1313 = VECTOR('',#1314,1.);
#1314 = DIRECTION('',(0.,0.,-1.));
#1315 = PCURVE('',#983,#1316);
#1316 = DEFINITIONAL_REPRESENTATION('',(#1317),#1320);
#1317 = B_SPLINE_CURVE_WITH_KNOTS('',1,(#1318,#1319),.UNSPECIFIED.,.F.,
  .F.,(2,2),(-18.75,-1.75),.PIECEWISE_BEZIER_KNOTS.);
#1318 = CARTESIAN_POINT('',(20.5,3.04));
#1319 = CARTESIAN_POINT('',(3.5,3.04));
#1320 = ( GEOMETRIC_REPRESENTATION_CONTEXT(2) 
PARAMETRIC_REPRESENTATION_CONTEXT() REPRESENTATION_CONTEXT('2D SPACE',''
  ) );
#1321 = PCURVE('',#1322,#1327);
#1322 = PLANE('',#1323);
#1323 = AXIS2_PLACEMENT_3D('',#1324,#1325,#1326);
#1324 = CARTESIAN_POINT('',(-14.37,-30.,3.5));
#1325 = DIRECTION('',(1.,0.,0.));
#1326 = DIRECTION('',(0.,0.,1.));
#1327 = DEFINITIONAL_REPRESENTATION('',(#1328),#1331);
#1328 = B_SPLINE_CURVE_WITH_KNOTS('',1,(#1329,#1330),.UNSPECIFIED.,.F.,
  .F.,(2,2),(-18.75,-1.75),.PIECEWISE_BEZIER_KNOTS.);
#1329 = CARTESIAN_POINT('',(17.,-0.4));
#1330 = CARTESIAN_POINT('',(0.,-0.4));
#1331 = ( GEOMETRIC_REPRESENTATION_CONTEXT(2) 
PARAMETRIC_REPRESENTATION_CONTEXT() REPRESENTATION_CONTEXT('2D SPACE',''
  ) );
#1332 = ORIENTED_EDGE('',*,*,#1333,.T.);
#1333 = EDGE_CURVE('',#1308,#1334,#1336,.T.);
#1334 = VERTEX_POINT('',#1335);
#1335 = CARTESIAN_POINT('',(14.37,-29.6,3.5));
#1336 = SURFACE_CURVE('',#1337,(#1341,#1347),.PCURVE_S1.);
#1337 = LINE('',#1338,#1339);
#1338 = CARTESIAN_POINT('',(-15.89,-29.6,3.5));
#1339 = VECTOR('',#1340,1.);
#1340 = DIRECTION('',(1.,0.,0.));
#1341 = PCURVE('',#983,#1342);
#1342 = DEFINITIONAL_REPRESENTATION('',(#1343),#1346);
#1343 = B_SPLINE_CURVE_WITH_KNOTS('',1,(#1344,#1345),.UNSPECIFIED.,.F.,
  .F.,(2,2),(1.52,30.26),.PIECEWISE_BEZIER_KNOTS.);
#1344 = CARTESIAN_POINT('',(3.5,3.04));
#1345 = CARTESIAN_POINT('',(3.5,31.78));
#1346 = ( GEOMETRIC_REPRESENTATION_CONTEXT(2) 
PARAMETRIC_REPRESENTATION_CONTEXT() REPRESENTATION_CONTEXT('2D SPACE',''
  ) );
#1347 = PCURVE('',#1348,#1353);
#1348 = PLANE('',#1349);
#1349 = AXIS2_PLACEMENT_3D('',#1350,#1351,#1352);
#1350 = CARTESIAN_POINT('',(-14.37,-30.,3.5));
#1351 = DIRECTION('',(0.,0.,1.));
#1352 = DIRECTION('',(1.,0.,0.));
#1353 = DEFINITIONAL_REPRESENTATION('',(#1354),#1357);
#1354 = B_SPLINE_CURVE_WITH_KNOTS('',1,(#1355,#1356),.UNSPECIFIED.,.F.,
  .F.,(2,2),(1.52,30.26),.PIECEWISE_BEZIER_KNOTS.);
#1355 = CARTESIAN_POINT('',(0.,0.4));
#1356 = CARTESIAN_POINT('',(28.74,0.4));
#1357 = ( GEOMETRIC_REPRESENTATION_CONTEXT(2) 
PARAMETRIC_REPRESENTATION_CONTEXT() REPRESENTATION_CONTEXT('2D SPACE',''
  ) );
#1358 = ORIENTED_EDGE('',*,*,#1359,.F.);
#1359 = EDGE_CURVE('',#1282,#1334,#1360,.T.);
#1360 = SURFACE_CURVE('',#1361,(#1365,#1371),.PCURVE_S1.);
#1361 = LINE('',#1362,#1363);
#1362 = CARTESIAN_POINT('',(14.37,-29.6,1.75));
#1363 = VECTOR('',#1364,1.);
#1364 = DIRECTION('',(0.,0.,-1.));
#1365 = PCURVE('',#983,#1366);
#1366 = DEFINITIONAL_REPRESENTATION('',(#1367),#1370);
#1367 = B_SPLINE_CURVE_WITH_KNOTS('',1,(#1368,#1369),.UNSPECIFIED.,.F.,
  .F.,(2,2),(-18.75,-1.75),.PIECEWISE_BEZIER_KNOTS.);
#1368 = CARTESIAN_POINT('',(20.5,31.78));
#1369 = CARTESIAN_POINT('',(3.5,31.78));
#1370 = ( GEOMETRIC_REPRESENTATION_CONTEXT(2) 
PARAMETRIC_REPRESENTATION_CONTEXT() REPRESENTATION_CONTEXT('2D SPACE',''
  ) );
#1371 = PCURVE('',#1372,#1377);
#1372 = PLANE('',#1373);
#1373 = AXIS2_PLACEMENT_3D('',#1374,#1375,#1376);
#1374 = CARTESIAN_POINT('',(14.37,-30.,3.5));
#1375 = DIRECTION('',(1.,0.,0.));
#1376 = DIRECTION('',(0.,0.,1.));
#1377 = DEFINITIONAL_REPRESENTATION('',(#1378),#1381);
#1378 = B_SPLINE_CURVE_WITH_KNOTS('',1,(#1379,#1380),.UNSPECIFIED.,.F.,
  .F.,(2,2),(-18.75,-1.75),.PIECEWISE_BEZIER_KNOTS.);
#1379 = CARTESIAN_POINT('',(17.,-0.4));
#1380 = CARTESIAN_POINT('',(0.,-0.4));
#1381 = ( GEOMETRIC_REPRESENTATION_CONTEXT(2) 
PARAMETRIC_REPRESENTATION_CONTEXT() REPRESENTATION_CONTEXT('2D SPACE',''
  ) );
#1382 = ADVANCED_FACE('',(#1383),#1011,.T.);
#1383 = FACE_BOUND('',#1384,.F.);
#1384 = EDGE_LOOP('',(#1385,#1386,#1409,#1435));
#1385 = ORIENTED_EDGE('',*,*,#1110,.T.);
#1386 = ORIENTED_EDGE('',*,*,#1387,.T.);
#1387 = EDGE_CURVE('',#1081,#1388,#1390,.T.);
#1388 = VERTEX_POINT('',#1389);
#1389 = CARTESIAN_POINT('',(-14.91,8.5,-4.440892098501E-16));
#1390 = SURFACE_CURVE('',#1391,(#1395,#1402),.PCURVE_S1.);
#1391 = LINE('',#1392,#1393);
#1392 = CARTESIAN_POINT('',(-14.91,-29.6,-4.440892098501E-16));
#1393 = VECTOR('',#1394,1.);
#1394 = DIRECTION('',(0.,1.,0.));
#1395 = PCURVE('',#1011,#1396);
#1396 = DEFINITIONAL_REPRESENTATION('',(#1397),#1401);
#1397 = LINE('',#1398,#1399);
#1398 = CARTESIAN_POINT('',(-1.570796326795,0.));
#1399 = VECTOR('',#1400,1.);
#1400 = DIRECTION('',(-0.,1.));
#1401 = ( GEOMETRIC_REPRESENTATION_CONTEXT(2) 
PARAMETRIC_REPRESENTATION_CONTEXT() REPRESENTATION_CONTEXT('2D SPACE',''
  ) );
#1402 = PCURVE('',#1098,#1403);
#1403 = DEFINITIONAL_REPRESENTATION('',(#1404),#1408);
#1404 = LINE('',#1405,#1406);
#1405 = CARTESIAN_POINT('',(2.5,0.));
#1406 = VECTOR('',#1407,1.);
#1407 = DIRECTION('',(0.,1.));
#1408 = ( GEOMETRIC_REPRESENTATION_CONTEXT(2) 
PARAMETRIC_REPRESENTATION_CONTEXT() REPRESENTATION_CONTEXT('2D SPACE',''
  ) );
#1409 = ORIENTED_EDGE('',*,*,#1410,.F.);
#1410 = EDGE_CURVE('',#996,#1388,#1411,.T.);
#1411 = SURFACE_CURVE('',#1412,(#1417,#1424),.PCURVE_S1.);
#1412 = CIRCLE('',#1413,2.5);
#1413 = AXIS2_PLACEMENT_3D('',#1414,#1415,#1416);
#1414 = CARTESIAN_POINT('',(-14.91,8.5,2.5));
#1415 = DIRECTION('',(-0.,-1.,0.));
#1416 = DIRECTION('',(0.,-0.,1.));
#1417 = PCURVE('',#1011,#1418);
#1418 = DEFINITIONAL_REPRESENTATION('',(#1419),#1423);
#1419 = LINE('',#1420,#1421);
#1420 = CARTESIAN_POINT('',(1.570796326795,38.1));
#1421 = VECTOR('',#1422,1.);
#1422 = DIRECTION('',(-1.,0.));
#1423 = ( GEOMETRIC_REPRESENTATION_CONTEXT(2) 
PARAMETRIC_REPRESENTATION_CONTEXT() REPRESENTATION_CONTEXT('2D SPACE',''
  ) );
#1424 = PCURVE('',#1039,#1425);
#1425 = DEFINITIONAL_REPRESENTATION('',(#1426),#1434);
#1426 = ( BOUNDED_CURVE() B_SPLINE_CURVE(2,(#1427,#1428,#1429,#1430,
#1431,#1432,#1433),.UNSPECIFIED.,.T.,.F.) B_SPLINE_CURVE_WITH_KNOTS((1,2
    ,2,2,2,1),(-2.094395102393,0.,2.094395102393,4.188790204786,
6.28318530718,8.377580409573),.UNSPECIFIED.) CURVE() 
GEOMETRIC_REPRESENTATION_ITEM() RATIONAL_B_SPLINE_CURVE((1.,0.5,1.,0.5,
1.,0.5,1.)) REPRESENTATION_ITEM('') );
#1427 = CARTESIAN_POINT('',(5.,2.5));
#1428 = CARTESIAN_POINT('',(5.,-1.830127018922));
#1429 = CARTESIAN_POINT('',(1.25,0.334936490539));
#1430 = CARTESIAN_POINT('',(-2.5,2.5));
#1431 = CARTESIAN_POINT('',(1.25,4.665063509461));
#1432 = CARTESIAN_POINT('',(5.,6.830127018922));
#1433 = CARTESIAN_POINT('',(5.,2.5));
#1434 = ( GEOMETRIC_REPRESENTATION_CONTEXT(2) 
PARAMETRIC_REPRESENTATION_CONTEXT() REPRESENTATION_CONTEXT('2D SPACE',''
  ) );
#1435 = ORIENTED_EDGE('',*,*,#995,.F.);
#1436 = ADVANCED_FACE('',(#1437),#1065,.T.);
#1437 = FACE_BOUND('',#1438,.T.);
#1438 = EDGE_LOOP('',(#1439,#1440,#1463,#1485));
#1439 = ORIENTED_EDGE('',*,*,#1137,.T.);
#1440 = ORIENTED_EDGE('',*,*,#1441,.T.);
#1441 = EDGE_CURVE('',#1138,#1442,#1444,.T.);
#1442 = VERTEX_POINT('',#1443);
#1443 = CARTESIAN_POINT('',(-14.91,8.5,24.28));
#1444 = SURFACE_CURVE('',#1445,(#1449,#1456),.PCURVE_S1.);
#1445 = LINE('',#1446,#1447);
#1446 = CARTESIAN_POINT('',(-14.91,-29.6,24.28));
#1447 = VECTOR('',#1448,1.);
#1448 = DIRECTION('',(0.,1.,0.));
#1449 = PCURVE('',#1065,#1450);
#1450 = DEFINITIONAL_REPRESENTATION('',(#1451),#1455);
#1451 = LINE('',#1452,#1453);
#1452 = CARTESIAN_POINT('',(1.570796326795,0.));
#1453 = VECTOR('',#1454,1.);
#1454 = DIRECTION('',(0.,1.));
#1455 = ( GEOMETRIC_REPRESENTATION_CONTEXT(2) 
PARAMETRIC_REPRESENTATION_CONTEXT() REPRESENTATION_CONTEXT('2D SPACE',''
  ) );
#1456 = PCURVE('',#1177,#1457);
#1457 = DEFINITIONAL_REPRESENTATION('',(#1458),#1462);
#1458 = LINE('',#1459,#1460);
#1459 = CARTESIAN_POINT('',(2.5,0.));
#1460 = VECTOR('',#1461,1.);
#1461 = DIRECTION('',(0.,1.));
#1462 = ( GEOMETRIC_REPRESENTATION_CONTEXT(2) 
PARAMETRIC_REPRESENTATION_CONTEXT() REPRESENTATION_CONTEXT('2D SPACE',''
  ) );
#1463 = ORIENTED_EDGE('',*,*,#1464,.F.);
#1464 = EDGE_CURVE('',#1024,#1442,#1465,.T.);
#1465 = SURFACE_CURVE('',#1466,(#1471,#1478),.PCURVE_S1.);
#1466 = CIRCLE('',#1467,2.5);
#1467 = AXIS2_PLACEMENT_3D('',#1468,#1469,#1470);
#1468 = CARTESIAN_POINT('',(-14.91,8.5,21.78));
#1469 = DIRECTION('',(0.,1.,0.));
#1470 = DIRECTION('',(0.,-0.,1.));
#1471 = PCURVE('',#1065,#1472);
#1472 = DEFINITIONAL_REPRESENTATION('',(#1473),#1477);
#1473 = LINE('',#1474,#1475);
#1474 = CARTESIAN_POINT('',(-4.712388980385,38.1));
#1475 = VECTOR('',#1476,1.);
#1476 = DIRECTION('',(1.,0.));
#1477 = ( GEOMETRIC_REPRESENTATION_CONTEXT(2) 
PARAMETRIC_REPRESENTATION_CONTEXT() REPRESENTATION_CONTEXT('2D SPACE',''
  ) );
#1478 = PCURVE('',#1039,#1479);
#1479 = DEFINITIONAL_REPRESENTATION('',(#1480),#1484);
#1480 = CIRCLE('',#1481,2.5);
#1481 = AXIS2_PLACEMENT_2D('',#1482,#1483);
#1482 = CARTESIAN_POINT('',(21.78,2.5));
#1483 = DIRECTION('',(1.,0.));
#1484 = ( GEOMETRIC_REPRESENTATION_CONTEXT(2) 
PARAMETRIC_REPRESENTATION_CONTEXT() REPRESENTATION_CONTEXT('2D SPACE',''
  ) );
#1485 = ORIENTED_EDGE('',*,*,#1051,.F.);
#1486 = ADVANCED_FACE('',(#1487),#1039,.T.);
#1487 = FACE_BOUND('',#1488,.T.);
#1488 = EDGE_LOOP('',(#1489,#1512,#1513,#1514,#1515,#1538,#1566,#1589));
#1489 = ORIENTED_EDGE('',*,*,#1490,.F.);
#1490 = EDGE_CURVE('',#1388,#1491,#1493,.T.);
#1491 = VERTEX_POINT('',#1492);
#1492 = CARTESIAN_POINT('',(14.91,8.5,-4.440892098501E-16));
#1493 = SURFACE_CURVE('',#1494,(#1498,#1505),.PCURVE_S1.);
#1494 = LINE('',#1495,#1496);
#1495 = CARTESIAN_POINT('',(-17.41,8.5,0.));
#1496 = VECTOR('',#1497,1.);
#1497 = DIRECTION('',(1.,0.,0.));
#1498 = PCURVE('',#1039,#1499);
#1499 = DEFINITIONAL_REPRESENTATION('',(#1500),#1504);
#1500 = LINE('',#1501,#1502);
#1501 = CARTESIAN_POINT('',(0.,0.));
#1502 = VECTOR('',#1503,1.);
#1503 = DIRECTION('',(0.,1.));
#1504 = ( GEOMETRIC_REPRESENTATION_CONTEXT(2) 
PARAMETRIC_REPRESENTATION_CONTEXT() REPRESENTATION_CONTEXT('2D SPACE',''
  ) );
#1505 = PCURVE('',#1098,#1506);
#1506 = DEFINITIONAL_REPRESENTATION('',(#1507),#1511);
#1507 = LINE('',#1508,#1509);
#1508 = CARTESIAN_POINT('',(0.,38.1));
#1509 = VECTOR('',#1510,1.);
#1510 = DIRECTION('',(1.,0.));
#1511 = ( GEOMETRIC_REPRESENTATION_CONTEXT(2) 
PARAMETRIC_REPRESENTATION_CONTEXT() REPRESENTATION_CONTEXT('2D SPACE',''
  ) );
#1512 = ORIENTED_EDGE('',*,*,#1410,.F.);
#1513 = ORIENTED_EDGE('',*,*,#1023,.T.);
#1514 = ORIENTED_EDGE('',*,*,#1464,.T.);
#1515 = ORIENTED_EDGE('',*,*,#1516,.T.);
#1516 = EDGE_CURVE('',#1442,#1517,#1519,.T.);
#1517 = VERTEX_POINT('',#1518);
#1518 = CARTESIAN_POINT('',(14.91,8.5,24.28));
#1519 = SURFACE_CURVE('',#1520,(#1524,#1531),.PCURVE_S1.);
#1520 = LINE('',#1521,#1522);
#1521 = CARTESIAN_POINT('',(-17.41,8.5,24.28));
#1522 = VECTOR('',#1523,1.);
#1523 = DIRECTION('',(1.,0.,0.));
#1524 = PCURVE('',#1039,#1525);
#1525 = DEFINITIONAL_REPRESENTATION('',(#1526),#1530);
#1526 = LINE('',#1527,#1528);
#1527 = CARTESIAN_POINT('',(24.28,0.));
#1528 = VECTOR('',#1529,1.);
#1529 = DIRECTION('',(0.,1.));
#1530 = ( GEOMETRIC_REPRESENTATION_CONTEXT(2) 
PARAMETRIC_REPRESENTATION_CONTEXT() REPRESENTATION_CONTEXT('2D SPACE',''
  ) );
#1531 = PCURVE('',#1177,#1532);
#1532 = DEFINITIONAL_REPRESENTATION('',(#1533),#1537);
#1533 = LINE('',#1534,#1535);
#1534 = CARTESIAN_POINT('',(0.,38.1));
#1535 = VECTOR('',#1536,1.);
#1536 = DIRECTION('',(1.,0.));
#1537 = ( GEOMETRIC_REPRESENTATION_CONTEXT(2) 
PARAMETRIC_REPRESENTATION_CONTEXT() REPRESENTATION_CONTEXT('2D SPACE',''
  ) );
#1538 = ORIENTED_EDGE('',*,*,#1539,.F.);
#1539 = EDGE_CURVE('',#1540,#1517,#1542,.T.);
#1540 = VERTEX_POINT('',#1541);
#1541 = CARTESIAN_POINT('',(17.41,8.5,21.78));
#1542 = SURFACE_CURVE('',#1543,(#1548,#1559),.PCURVE_S1.);
#1543 = CIRCLE('',#1544,2.5);
#1544 = AXIS2_PLACEMENT_3D('',#1545,#1546,#1547);
#1545 = CARTESIAN_POINT('',(14.91,8.5,21.78));
#1546 = DIRECTION('',(-0.,-1.,0.));
#1547 = DIRECTION('',(0.,-0.,1.));
#1548 = PCURVE('',#1039,#1549);
#1549 = DEFINITIONAL_REPRESENTATION('',(#1550),#1558);
#1550 = ( BOUNDED_CURVE() B_SPLINE_CURVE(2,(#1551,#1552,#1553,#1554,
#1555,#1556,#1557),.UNSPECIFIED.,.T.,.F.) B_SPLINE_CURVE_WITH_KNOTS((1,2
    ,2,2,2,1),(-2.094395102393,0.,2.094395102393,4.188790204786,
6.28318530718,8.377580409573),.UNSPECIFIED.) CURVE() 
GEOMETRIC_REPRESENTATION_ITEM() RATIONAL_B_SPLINE_CURVE((1.,0.5,1.,0.5,
1.,0.5,1.)) REPRESENTATION_ITEM('') );
#1551 = CARTESIAN_POINT('',(24.28,32.32));
#1552 = CARTESIAN_POINT('',(24.28,27.989872981078));
#1553 = CARTESIAN_POINT('',(20.53,30.154936490539));
#1554 = CARTESIAN_POINT('',(16.78,32.32));
#1555 = CARTESIAN_POINT('',(20.53,34.485063509461));
#1556 = CARTESIAN_POINT('',(24.28,36.650127018922));
#1557 = CARTESIAN_POINT('',(24.28,32.32));
#1558 = ( GEOMETRIC_REPRESENTATION_CONTEXT(2) 
PARAMETRIC_REPRESENTATION_CONTEXT() REPRESENTATION_CONTEXT('2D SPACE',''
  ) );
#1559 = PCURVE('',#1210,#1560);
#1560 = DEFINITIONAL_REPRESENTATION('',(#1561),#1565);
#1561 = LINE('',#1562,#1563);
#1562 = CARTESIAN_POINT('',(4.712388980385,38.1));
#1563 = VECTOR('',#1564,1.);
#1564 = DIRECTION('',(-1.,0.));
#1565 = ( GEOMETRIC_REPRESENTATION_CONTEXT(2) 
PARAMETRIC_REPRESENTATION_CONTEXT() REPRESENTATION_CONTEXT('2D SPACE',''
  ) );
#1566 = ORIENTED_EDGE('',*,*,#1567,.F.);
#1567 = EDGE_CURVE('',#1568,#1540,#1570,.T.);
#1568 = VERTEX_POINT('',#1569);
#1569 = CARTESIAN_POINT('',(17.41,8.5,2.5));
#1570 = SURFACE_CURVE('',#1571,(#1575,#1582),.PCURVE_S1.);
#1571 = LINE('',#1572,#1573);
#1572 = CARTESIAN_POINT('',(17.41,8.5,0.));
#1573 = VECTOR('',#1574,1.);
#1574 = DIRECTION('',(0.,0.,1.));
#1575 = PCURVE('',#1039,#1576);
#1576 = DEFINITIONAL_REPRESENTATION('',(#1577),#1581);
#1577 = LINE('',#1578,#1579);
#1578 = CARTESIAN_POINT('',(0.,34.82));
#1579 = VECTOR('',#1580,1.);
#1580 = DIRECTION('',(1.,0.));
#1581 = ( GEOMETRIC_REPRESENTATION_CONTEXT(2) 
PARAMETRIC_REPRESENTATION_CONTEXT() REPRESENTATION_CONTEXT('2D SPACE',''
  ) );
#1582 = PCURVE('',#1238,#1583);
#1583 = DEFINITIONAL_REPRESENTATION('',(#1584),#1588);
#1584 = LINE('',#1585,#1586);
#1585 = CARTESIAN_POINT('',(0.,-38.1));
#1586 = VECTOR('',#1587,1.);
#1587 = DIRECTION('',(1.,0.));
#1588 = ( GEOMETRIC_REPRESENTATION_CONTEXT(2) 
PARAMETRIC_REPRESENTATION_CONTEXT() REPRESENTATION_CONTEXT('2D SPACE',''
  ) );
#1589 = ORIENTED_EDGE('',*,*,#1590,.T.);
#1590 = EDGE_CURVE('',#1568,#1491,#1591,.T.);
#1591 = SURFACE_CURVE('',#1592,(#1597,#1604),.PCURVE_S1.);
#1592 = CIRCLE('',#1593,2.5);
#1593 = AXIS2_PLACEMENT_3D('',#1594,#1595,#1596);
#1594 = CARTESIAN_POINT('',(14.91,8.5,2.5));
#1595 = DIRECTION('',(0.,1.,0.));
#1596 = DIRECTION('',(0.,-0.,1.));
#1597 = PCURVE('',#1039,#1598);
#1598 = DEFINITIONAL_REPRESENTATION('',(#1599),#1603);
#1599 = CIRCLE('',#1600,2.5);
#1600 = AXIS2_PLACEMENT_2D('',#1601,#1602);
#1601 = CARTESIAN_POINT('',(2.5,32.32));
#1602 = DIRECTION('',(1.,0.));
#1603 = ( GEOMETRIC_REPRESENTATION_CONTEXT(2) 
PARAMETRIC_REPRESENTATION_CONTEXT() REPRESENTATION_CONTEXT('2D SPACE',''
  ) );
#1604 = PCURVE('',#1265,#1605);
#1605 = DEFINITIONAL_REPRESENTATION('',(#1606),#1610);
#1606 = LINE('',#1607,#1608);
#1607 = CARTESIAN_POINT('',(-1.570796326795,38.1));
#1608 = VECTOR('',#1609,1.);
#1609 = DIRECTION('',(1.,0.));
#1610 = ( GEOMETRIC_REPRESENTATION_CONTEXT(2) 
PARAMETRIC_REPRESENTATION_CONTEXT() REPRESENTATION_CONTEXT('2D SPACE',''
  ) );
#1611 = ADVANCED_FACE('',(#1612),#1098,.F.);
#1612 = FACE_BOUND('',#1613,.F.);
#1613 = EDGE_LOOP('',(#1614,#1615,#1616,#1617));
#1614 = ORIENTED_EDGE('',*,*,#1490,.F.);
#1615 = ORIENTED_EDGE('',*,*,#1387,.F.);
#1616 = ORIENTED_EDGE('',*,*,#1080,.T.);
#1617 = ORIENTED_EDGE('',*,*,#1618,.T.);
#1618 = EDGE_CURVE('',#1083,#1491,#1619,.T.);
#1619 = SURFACE_CURVE('',#1620,(#1624,#1631),.PCURVE_S1.);
#1620 = LINE('',#1621,#1622);
#1621 = CARTESIAN_POINT('',(14.91,-29.6,-4.440892098501E-16));
#1622 = VECTOR('',#1623,1.);
#1623 = DIRECTION('',(0.,1.,0.));
#1624 = PCURVE('',#1098,#1625);
#1625 = DEFINITIONAL_REPRESENTATION('',(#1626),#1630);
#1626 = LINE('',#1627,#1628);
#1627 = CARTESIAN_POINT('',(32.32,0.));
#1628 = VECTOR('',#1629,1.);
#1629 = DIRECTION('',(0.,1.));
#1630 = ( GEOMETRIC_REPRESENTATION_CONTEXT(2) 
PARAMETRIC_REPRESENTATION_CONTEXT() REPRESENTATION_CONTEXT('2D SPACE',''
  ) );
#1631 = PCURVE('',#1265,#1632);
#1632 = DEFINITIONAL_REPRESENTATION('',(#1633),#1637);
#1633 = LINE('',#1634,#1635);
#1634 = CARTESIAN_POINT('',(1.570796326795,0.));
#1635 = VECTOR('',#1636,1.);
#1636 = DIRECTION('',(0.,1.));
#1637 = ( GEOMETRIC_REPRESENTATION_CONTEXT(2) 
PARAMETRIC_REPRESENTATION_CONTEXT() REPRESENTATION_CONTEXT('2D SPACE',''
  ) );
#1638 = ADVANCED_FACE('',(#1639),#1265,.T.);
#1639 = FACE_BOUND('',#1640,.T.);
#1640 = EDGE_LOOP('',(#1641,#1642,#1643,#1644));
#1641 = ORIENTED_EDGE('',*,*,#1250,.T.);
#1642 = ORIENTED_EDGE('',*,*,#1618,.T.);
#1643 = ORIENTED_EDGE('',*,*,#1590,.F.);
#1644 = ORIENTED_EDGE('',*,*,#1645,.F.);
#1645 = EDGE_CURVE('',#1223,#1568,#1646,.T.);
#1646 = SURFACE_CURVE('',#1647,(#1651,#1658),.PCURVE_S1.);
#1647 = LINE('',#1648,#1649);
#1648 = CARTESIAN_POINT('',(17.41,-29.6,2.5));
#1649 = VECTOR('',#1650,1.);
#1650 = DIRECTION('',(0.,1.,0.));
#1651 = PCURVE('',#1265,#1652);
#1652 = DEFINITIONAL_REPRESENTATION('',(#1653),#1657);
#1653 = LINE('',#1654,#1655);
#1654 = CARTESIAN_POINT('',(0.,0.));
#1655 = VECTOR('',#1656,1.);
#1656 = DIRECTION('',(0.,1.));
#1657 = ( GEOMETRIC_REPRESENTATION_CONTEXT(2) 
PARAMETRIC_REPRESENTATION_CONTEXT() REPRESENTATION_CONTEXT('2D SPACE',''
  ) );
#1658 = PCURVE('',#1238,#1659);
#1659 = DEFINITIONAL_REPRESENTATION('',(#1660),#1664);
#1660 = LINE('',#1661,#1662);
#1661 = CARTESIAN_POINT('',(2.5,0.));
#1662 = VECTOR('',#1663,1.);
#1663 = DIRECTION('',(0.,-1.));
#1664 = ( GEOMETRIC_REPRESENTATION_CONTEXT(2) 
PARAMETRIC_REPRESENTATION_CONTEXT() REPRESENTATION_CONTEXT('2D SPACE',''
  ) );
#1665 = ADVANCED_FACE('',(#1666),#1238,.T.);
#1666 = FACE_BOUND('',#1667,.T.);
#1667 = EDGE_LOOP('',(#1668,#1669,#1670,#1671));
#1668 = ORIENTED_EDGE('',*,*,#1222,.F.);
#1669 = ORIENTED_EDGE('',*,*,#1645,.T.);
#1670 = ORIENTED_EDGE('',*,*,#1567,.T.);
#1671 = ORIENTED_EDGE('',*,*,#1672,.F.);
#1672 = EDGE_CURVE('',#1190,#1540,#1673,.T.);
#1673 = SURFACE_CURVE('',#1674,(#1678,#1685),.PCURVE_S1.);
#1674 = LINE('',#1675,#1676);
#1675 = CARTESIAN_POINT('',(17.41,-29.6,21.78));
#1676 = VECTOR('',#1677,1.);
#1677 = DIRECTION('',(0.,1.,0.));
#1678 = PCURVE('',#1238,#1679);
#1679 = DEFINITIONAL_REPRESENTATION('',(#1680),#1684);
#1680 = LINE('',#1681,#1682);
#1681 = CARTESIAN_POINT('',(21.78,0.));
#1682 = VECTOR('',#1683,1.);
#1683 = DIRECTION('',(0.,-1.));
#1684 = ( GEOMETRIC_REPRESENTATION_CONTEXT(2) 
PARAMETRIC_REPRESENTATION_CONTEXT() REPRESENTATION_CONTEXT('2D SPACE',''
  ) );
#1685 = PCURVE('',#1210,#1686);
#1686 = DEFINITIONAL_REPRESENTATION('',(#1687),#1691);
#1687 = LINE('',#1688,#1689);
#1688 = CARTESIAN_POINT('',(-0.,0.));
#1689 = VECTOR('',#1690,1.);
#1690 = DIRECTION('',(-0.,1.));
#1691 = ( GEOMETRIC_REPRESENTATION_CONTEXT(2) 
PARAMETRIC_REPRESENTATION_CONTEXT() REPRESENTATION_CONTEXT('2D SPACE',''
  ) );
#1692 = ADVANCED_FACE('',(#1693),#1210,.T.);
#1693 = FACE_BOUND('',#1694,.F.);
#1694 = EDGE_LOOP('',(#1695,#1696,#1717,#1718));
#1695 = ORIENTED_EDGE('',*,*,#1189,.T.);
#1696 = ORIENTED_EDGE('',*,*,#1697,.T.);
#1697 = EDGE_CURVE('',#1162,#1517,#1698,.T.);
#1698 = SURFACE_CURVE('',#1699,(#1703,#1710),.PCURVE_S1.);
#1699 = LINE('',#1700,#1701);
#1700 = CARTESIAN_POINT('',(14.91,-29.6,24.28));
#1701 = VECTOR('',#1702,1.);
#1702 = DIRECTION('',(0.,1.,0.));
#1703 = PCURVE('',#1210,#1704);
#1704 = DEFINITIONAL_REPRESENTATION('',(#1705),#1709);
#1705 = LINE('',#1706,#1707);
#1706 = CARTESIAN_POINT('',(-1.570796326795,0.));
#1707 = VECTOR('',#1708,1.);
#1708 = DIRECTION('',(-0.,1.));
#1709 = ( GEOMETRIC_REPRESENTATION_CONTEXT(2) 
PARAMETRIC_REPRESENTATION_CONTEXT() REPRESENTATION_CONTEXT('2D SPACE',''
  ) );
#1710 = PCURVE('',#1177,#1711);
#1711 = DEFINITIONAL_REPRESENTATION('',(#1712),#1716);
#1712 = LINE('',#1713,#1714);
#1713 = CARTESIAN_POINT('',(32.32,0.));
#1714 = VECTOR('',#1715,1.);
#1715 = DIRECTION('',(0.,1.));
#1716 = ( GEOMETRIC_REPRESENTATION_CONTEXT(2) 
PARAMETRIC_REPRESENTATION_CONTEXT() REPRESENTATION_CONTEXT('2D SPACE',''
  ) );
#1717 = ORIENTED_EDGE('',*,*,#1539,.F.);
#1718 = ORIENTED_EDGE('',*,*,#1672,.F.);
#1719 = ADVANCED_FACE('',(#1720),#1177,.T.);
#1720 = FACE_BOUND('',#1721,.T.);
#1721 = EDGE_LOOP('',(#1722,#1723,#1724,#1725));
#1722 = ORIENTED_EDGE('',*,*,#1516,.F.);
#1723 = ORIENTED_EDGE('',*,*,#1441,.F.);
#1724 = ORIENTED_EDGE('',*,*,#1161,.T.);
#1725 = ORIENTED_EDGE('',*,*,#1697,.T.);
#1726 = ADVANCED_FACE('',(#1727),#1296,.F.);
#1727 = FACE_BOUND('',#1728,.F.);
#1728 = EDGE_LOOP('',(#1729,#1752,#1753,#1776));
#1729 = ORIENTED_EDGE('',*,*,#1730,.F.);
#1730 = EDGE_CURVE('',#1280,#1731,#1733,.T.);
#1731 = VERTEX_POINT('',#1732);
#1732 = CARTESIAN_POINT('',(-14.37,-16.6,20.5));
#1733 = SURFACE_CURVE('',#1734,(#1738,#1745),.PCURVE_S1.);
#1734 = LINE('',#1735,#1736);
#1735 = CARTESIAN_POINT('',(-14.37,-30.,20.5));
#1736 = VECTOR('',#1737,1.);
#1737 = DIRECTION('',(0.,1.,0.));
#1738 = PCURVE('',#1296,#1739);
#1739 = DEFINITIONAL_REPRESENTATION('',(#1740),#1744);
#1740 = LINE('',#1741,#1742);
#1741 = CARTESIAN_POINT('',(0.,0.));
#1742 = VECTOR('',#1743,1.);
#1743 = DIRECTION('',(0.,1.));
#1744 = ( GEOMETRIC_REPRESENTATION_CONTEXT(2) 
PARAMETRIC_REPRESENTATION_CONTEXT() REPRESENTATION_CONTEXT('2D SPACE',''
  ) );
#1745 = PCURVE('',#1322,#1746);
#1746 = DEFINITIONAL_REPRESENTATION('',(#1747),#1751);
#1747 = LINE('',#1748,#1749);
#1748 = CARTESIAN_POINT('',(17.,0.));
#1749 = VECTOR('',#1750,1.);
#1750 = DIRECTION('',(0.,-1.));
#1751 = ( GEOMETRIC_REPRESENTATION_CONTEXT(2) 
PARAMETRIC_REPRESENTATION_CONTEXT() REPRESENTATION_CONTEXT('2D SPACE',''
  ) );
#1752 = ORIENTED_EDGE('',*,*,#1279,.T.);
#1753 = ORIENTED_EDGE('',*,*,#1754,.T.);
#1754 = EDGE_CURVE('',#1282,#1755,#1757,.T.);
#1755 = VERTEX_POINT('',#1756);
#1756 = CARTESIAN_POINT('',(14.37,-16.6,20.5));
#1757 = SURFACE_CURVE('',#1758,(#1762,#1769),.PCURVE_S1.);
#1758 = LINE('',#1759,#1760);
#1759 = CARTESIAN_POINT('',(14.37,-30.,20.5));
#1760 = VECTOR('',#1761,1.);
#1761 = DIRECTION('',(0.,1.,0.));
#1762 = PCURVE('',#1296,#1763);
#1763 = DEFINITIONAL_REPRESENTATION('',(#1764),#1768);
#1764 = LINE('',#1765,#1766);
#1765 = CARTESIAN_POINT('',(28.74,0.));
#1766 = VECTOR('',#1767,1.);
#1767 = DIRECTION('',(0.,1.));
#1768 = ( GEOMETRIC_REPRESENTATION_CONTEXT(2) 
PARAMETRIC_REPRESENTATION_CONTEXT() REPRESENTATION_CONTEXT('2D SPACE',''
  ) );
#1769 = PCURVE('',#1372,#1770);
#1770 = DEFINITIONAL_REPRESENTATION('',(#1771),#1775);
#1771 = LINE('',#1772,#1773);
#1772 = CARTESIAN_POINT('',(17.,0.));
#1773 = VECTOR('',#1774,1.);
#1774 = DIRECTION('',(0.,-1.));
#1775 = ( GEOMETRIC_REPRESENTATION_CONTEXT(2) 
PARAMETRIC_REPRESENTATION_CONTEXT() REPRESENTATION_CONTEXT('2D SPACE',''
  ) );
#1776 = ORIENTED_EDGE('',*,*,#1777,.F.);
#1777 = EDGE_CURVE('',#1731,#1755,#1778,.T.);
#1778 = SURFACE_CURVE('',#1779,(#1783,#1790),.PCURVE_S1.);
#1779 = LINE('',#1780,#1781);
#1780 = CARTESIAN_POINT('',(-14.37,-16.6,20.5));
#1781 = VECTOR('',#1782,1.);
#1782 = DIRECTION('',(1.,0.,0.));
#1783 = PCURVE('',#1296,#1784);
#1784 = DEFINITIONAL_REPRESENTATION('',(#1785),#1789);
#1785 = LINE('',#1786,#1787);
#1786 = CARTESIAN_POINT('',(0.,13.4));
#1787 = VECTOR('',#1788,1.);
#1788 = DIRECTION('',(1.,0.));
#1789 = ( GEOMETRIC_REPRESENTATION_CONTEXT(2) 
PARAMETRIC_REPRESENTATION_CONTEXT() REPRESENTATION_CONTEXT('2D SPACE',''
  ) );
#1790 = PCURVE('',#1791,#1796);
#1791 = PLANE('',#1792);
#1792 = AXIS2_PLACEMENT_3D('',#1793,#1794,#1795);
#1793 = CARTESIAN_POINT('',(-14.37,-16.6,3.5));
#1794 = DIRECTION('',(0.,1.,0.));
#1795 = DIRECTION('',(0.,0.,1.));
#1796 = DEFINITIONAL_REPRESENTATION('',(#1797),#1801);
#1797 = LINE('',#1798,#1799);
#1798 = CARTESIAN_POINT('',(17.,0.));
#1799 = VECTOR('',#1800,1.);
#1800 = DIRECTION('',(0.,1.));
#1801 = ( GEOMETRIC_REPRESENTATION_CONTEXT(2) 
PARAMETRIC_REPRESENTATION_CONTEXT() REPRESENTATION_CONTEXT('2D SPACE',''
  ) );
#1802 = ADVANCED_FACE('',(#1803),#1372,.F.);
#1803 = FACE_BOUND('',#1804,.F.);
#1804 = EDGE_LOOP('',(#1805,#1806,#1807,#1830));
#1805 = ORIENTED_EDGE('',*,*,#1754,.F.);
#1806 = ORIENTED_EDGE('',*,*,#1359,.T.);
#1807 = ORIENTED_EDGE('',*,*,#1808,.T.);
#1808 = EDGE_CURVE('',#1334,#1809,#1811,.T.);
#1809 = VERTEX_POINT('',#1810);
#1810 = CARTESIAN_POINT('',(14.37,-16.6,3.5));
#1811 = SURFACE_CURVE('',#1812,(#1816,#1823),.PCURVE_S1.);
#1812 = LINE('',#1813,#1814);
#1813 = CARTESIAN_POINT('',(14.37,-30.,3.5));
#1814 = VECTOR('',#1815,1.);
#1815 = DIRECTION('',(0.,1.,0.));
#1816 = PCURVE('',#1372,#1817);
#1817 = DEFINITIONAL_REPRESENTATION('',(#1818),#1822);
#1818 = LINE('',#1819,#1820);
#1819 = CARTESIAN_POINT('',(0.,0.));
#1820 = VECTOR('',#1821,1.);
#1821 = DIRECTION('',(0.,-1.));
#1822 = ( GEOMETRIC_REPRESENTATION_CONTEXT(2) 
PARAMETRIC_REPRESENTATION_CONTEXT() REPRESENTATION_CONTEXT('2D SPACE',''
  ) );
#1823 = PCURVE('',#1348,#1824);
#1824 = DEFINITIONAL_REPRESENTATION('',(#1825),#1829);
#1825 = LINE('',#1826,#1827);
#1826 = CARTESIAN_POINT('',(28.74,0.));
#1827 = VECTOR('',#1828,1.);
#1828 = DIRECTION('',(0.,1.));
#1829 = ( GEOMETRIC_REPRESENTATION_CONTEXT(2) 
PARAMETRIC_REPRESENTATION_CONTEXT() REPRESENTATION_CONTEXT('2D SPACE',''
  ) );
#1830 = ORIENTED_EDGE('',*,*,#1831,.T.);
#1831 = EDGE_CURVE('',#1809,#1755,#1832,.T.);
#1832 = SURFACE_CURVE('',#1833,(#1837,#1844),.PCURVE_S1.);
#1833 = LINE('',#1834,#1835);
#1834 = CARTESIAN_POINT('',(14.37,-16.6,3.5));
#1835 = VECTOR('',#1836,1.);
#1836 = DIRECTION('',(0.,0.,1.));
#1837 = PCURVE('',#1372,#1838);
#1838 = DEFINITIONAL_REPRESENTATION('',(#1839),#1843);
#1839 = LINE('',#1840,#1841);
#1840 = CARTESIAN_POINT('',(0.,-13.4));
#1841 = VECTOR('',#1842,1.);
#1842 = DIRECTION('',(1.,0.));
#1843 = ( GEOMETRIC_REPRESENTATION_CONTEXT(2) 
PARAMETRIC_REPRESENTATION_CONTEXT() REPRESENTATION_CONTEXT('2D SPACE',''
  ) );
#1844 = PCURVE('',#1791,#1845);
#1845 = DEFINITIONAL_REPRESENTATION('',(#1846),#1850);
#1846 = LINE('',#1847,#1848);
#1847 = CARTESIAN_POINT('',(0.,28.74));
#1848 = VECTOR('',#1849,1.);
#1849 = DIRECTION('',(1.,0.));
#1850 = ( GEOMETRIC_REPRESENTATION_CONTEXT(2) 
PARAMETRIC_REPRESENTATION_CONTEXT() REPRESENTATION_CONTEXT('2D SPACE',''
  ) );
#1851 = ADVANCED_FACE('',(#1852),#1348,.T.);
#1852 = FACE_BOUND('',#1853,.T.);
#1853 = EDGE_LOOP('',(#1854,#1877,#1878,#1879));
#1854 = ORIENTED_EDGE('',*,*,#1855,.F.);
#1855 = EDGE_CURVE('',#1308,#1856,#1858,.T.);
#1856 = VERTEX_POINT('',#1857);
#1857 = CARTESIAN_POINT('',(-14.37,-16.6,3.5));
#1858 = SURFACE_CURVE('',#1859,(#1863,#1870),.PCURVE_S1.);
#1859 = LINE('',#1860,#1861);
#1860 = CARTESIAN_POINT('',(-14.37,-30.,3.5));
#1861 = VECTOR('',#1862,1.);
#1862 = DIRECTION('',(0.,1.,0.));
#1863 = PCURVE('',#1348,#1864);
#1864 = DEFINITIONAL_REPRESENTATION('',(#1865),#1869);
#1865 = LINE('',#1866,#1867);
#1866 = CARTESIAN_POINT('',(0.,0.));
#1867 = VECTOR('',#1868,1.);
#1868 = DIRECTION('',(0.,1.));
#1869 = ( GEOMETRIC_REPRESENTATION_CONTEXT(2) 
PARAMETRIC_REPRESENTATION_CONTEXT() REPRESENTATION_CONTEXT('2D SPACE',''
  ) );
#1870 = PCURVE('',#1322,#1871);
#1871 = DEFINITIONAL_REPRESENTATION('',(#1872),#1876);
#1872 = LINE('',#1873,#1874);
#1873 = CARTESIAN_POINT('',(0.,0.));
#1874 = VECTOR('',#1875,1.);
#1875 = DIRECTION('',(0.,-1.));
#1876 = ( GEOMETRIC_REPRESENTATION_CONTEXT(2) 
PARAMETRIC_REPRESENTATION_CONTEXT() REPRESENTATION_CONTEXT('2D SPACE',''
  ) );
#1877 = ORIENTED_EDGE('',*,*,#1333,.T.);
#1878 = ORIENTED_EDGE('',*,*,#1808,.T.);
#1879 = ORIENTED_EDGE('',*,*,#1880,.F.);
#1880 = EDGE_CURVE('',#1856,#1809,#1881,.T.);
#1881 = SURFACE_CURVE('',#1882,(#1886,#1893),.PCURVE_S1.);
#1882 = LINE('',#1883,#1884);
#1883 = CARTESIAN_POINT('',(-14.37,-16.6,3.5));
#1884 = VECTOR('',#1885,1.);
#1885 = DIRECTION('',(1.,0.,0.));
#1886 = PCURVE('',#1348,#1887);
#1887 = DEFINITIONAL_REPRESENTATION('',(#1888),#1892);
#1888 = LINE('',#1889,#1890);
#1889 = CARTESIAN_POINT('',(0.,13.4));
#1890 = VECTOR('',#1891,1.);
#1891 = DIRECTION('',(1.,0.));
#1892 = ( GEOMETRIC_REPRESENTATION_CONTEXT(2) 
PARAMETRIC_REPRESENTATION_CONTEXT() REPRESENTATION_CONTEXT('2D SPACE',''
  ) );
#1893 = PCURVE('',#1791,#1894);
#1894 = DEFINITIONAL_REPRESENTATION('',(#1895),#1899);
#1895 = LINE('',#1896,#1897);
#1896 = CARTESIAN_POINT('',(0.,0.));
#1897 = VECTOR('',#1898,1.);
#1898 = DIRECTION('',(0.,1.));
#1899 = ( GEOMETRIC_REPRESENTATION_CONTEXT(2) 
PARAMETRIC_REPRESENTATION_CONTEXT() REPRESENTATION_CONTEXT('2D SPACE',''
  ) );
#1900 = ADVANCED_FACE('',(#1901),#1322,.T.);
#1901 = FACE_BOUND('',#1902,.T.);
#1902 = EDGE_LOOP('',(#1903,#1904,#1905,#1906));
#1903 = ORIENTED_EDGE('',*,*,#1730,.F.);
#1904 = ORIENTED_EDGE('',*,*,#1307,.T.);
#1905 = ORIENTED_EDGE('',*,*,#1855,.T.);
#1906 = ORIENTED_EDGE('',*,*,#1907,.T.);
#1907 = EDGE_CURVE('',#1856,#1731,#1908,.T.);
#1908 = SURFACE_CURVE('',#1909,(#1913,#1920),.PCURVE_S1.);
#1909 = LINE('',#1910,#1911);
#1910 = CARTESIAN_POINT('',(-14.37,-16.6,3.5));
#1911 = VECTOR('',#1912,1.);
#1912 = DIRECTION('',(0.,0.,1.));
#1913 = PCURVE('',#1322,#1914);
#1914 = DEFINITIONAL_REPRESENTATION('',(#1915),#1919);
#1915 = LINE('',#1916,#1917);
#1916 = CARTESIAN_POINT('',(0.,-13.4));
#1917 = VECTOR('',#1918,1.);
#1918 = DIRECTION('',(1.,0.));
#1919 = ( GEOMETRIC_REPRESENTATION_CONTEXT(2) 
PARAMETRIC_REPRESENTATION_CONTEXT() REPRESENTATION_CONTEXT('2D SPACE',''
  ) );
#1920 = PCURVE('',#1791,#1921);
#1921 = DEFINITIONAL_REPRESENTATION('',(#1922),#1926);
#1922 = LINE('',#1923,#1924);
#1923 = CARTESIAN_POINT('',(0.,0.));
#1924 = VECTOR('',#1925,1.);
#1925 = DIRECTION('',(1.,0.));
#1926 = ( GEOMETRIC_REPRESENTATION_CONTEXT(2) 
PARAMETRIC_REPRESENTATION_CONTEXT() REPRESENTATION_CONTEXT('2D SPACE',''
  ) );
#1927 = ADVANCED_FACE('',(#1928),#1791,.F.);
#1928 = FACE_BOUND('',#1929,.F.);
#1929 = EDGE_LOOP('',(#1930,#1931,#1932,#1933));
#1930 = ORIENTED_EDGE('',*,*,#1880,.F.);
#1931 = ORIENTED_EDGE('',*,*,#1907,.T.);
#1932 = ORIENTED_EDGE('',*,*,#1777,.T.);
#1933 = ORIENTED_EDGE('',*,*,#1831,.F.);
#1934 = ( GEOMETRIC_REPRESENTATION_CONTEXT(3) 
GLOBAL_UNCERTAINTY_ASSIGNED_CONTEXT((#1938)) 
GLOBAL_UNIT_ASSIGNED_CONTEXT((#1935,#1936,#1937)) REPRESENTATION_CONTEXT
('Context #1','3D Context with UNIT and UNCERTAINTY') );
#1935 = ( LENGTH_UNIT() NAMED_UNIT(*) SI_UNIT(.MILLI.,.METRE.) );
#1936 = ( NAMED_UNIT(*) PLANE_ANGLE_UNIT() SI_UNIT($,.RADIAN.) );
#1937 = ( NAMED_UNIT(*) SI_UNIT($,.STERADIAN.) SOLID_ANGLE_UNIT() );
#1938 = UNCERTAINTY_MEASURE_WITH_UNIT(LENGTH_MEASURE(1.E-07),#1935,
  'distance_accuracy_value','confusion accuracy');
#1939 = CONTEXT_DEPENDENT_SHAPE_REPRESENTATION(#1940,#1942);
#1940 = ( REPRESENTATION_RELATIONSHIP('','',#953,#10) 
REPRESENTATION_RELATIONSHIP_WITH_TRANSFORMATION(#1941) 
SHAPE_REPRESENTATION_RELATIONSHIP() );
#1941 = ITEM_DEFINED_TRANSFORMATION('','',#11,#19);
#1942 = PRODUCT_DEFINITION_SHAPE('Placement','Placement of an item',
  #1943);
#1943 = NEXT_ASSEMBLY_USAGE_OCCURRENCE('2',
  'DEUTSCH_DTM13-12P-R005_Horizontal_1','',#5,#948,$);
#1944 = PRODUCT_RELATED_PRODUCT_CATEGORY('part',$,(#950));
#1945 = SHAPE_DEFINITION_REPRESENTATION(#1946,#1952);
#1946 = PRODUCT_DEFINITION_SHAPE('','',#1947);
#1947 = PRODUCT_DEFINITION('design','',#1948,#1951);
#1948 = PRODUCT_DEFINITION_FORMATION('','',#1949);
#1949 = PRODUCT('DEUTSCH_DTM13-12P-R005_Horizontal_2',
  'DEUTSCH_DTM13-12P-R005_Horizontal_2','',(#1950));
#1950 = PRODUCT_CONTEXT('',#2,'mechanical');
#1951 = PRODUCT_DEFINITION_CONTEXT('part definition',#2,'design');
#1952 = ADVANCED_BREP_SHAPE_REPRESENTATION('',(#11,#1953),#2051);
#1953 = MANIFOLD_SOLID_BREP('',#1954);
#1954 = CLOSED_SHELL('',(#1955,#2043,#2047));
#1955 = ADVANCED_FACE('',(#1956),#1970,.T.);
#1956 = FACE_BOUND('',#1957,.F.);
#1957 = EDGE_LOOP('',(#1958,#1988,#2015,#2016));
#1958 = ORIENTED_EDGE('',*,*,#1959,.T.);
#1959 = EDGE_CURVE('',#1960,#1962,#1964,.T.);
#1960 = VERTEX_POINT('',#1961);
#1961 = CARTESIAN_POINT('',(-9.9575,2.0955,-2.79));
#1962 = VERTEX_POINT('',#1963);
#1963 = CARTESIAN_POINT('',(-9.9575,2.0955,3.05));
#1964 = SEAM_CURVE('',#1965,(#1969,#1981),.PCURVE_S1.);
#1965 = LINE('',#1966,#1967);
#1966 = CARTESIAN_POINT('',(-9.9575,2.0955,-2.79));
#1967 = VECTOR('',#1968,1.);
#1968 = DIRECTION('',(0.,0.,1.));
#1969 = PCURVE('',#1970,#1975);
#1970 = CYLINDRICAL_SURFACE('',#1971,0.52);
#1971 = AXIS2_PLACEMENT_3D('',#1972,#1973,#1974);
#1972 = CARTESIAN_POINT('',(-10.4775,2.0955,-2.79));
#1973 = DIRECTION('',(-0.,-0.,-1.));
#1974 = DIRECTION('',(1.,0.,0.));
#1975 = DEFINITIONAL_REPRESENTATION('',(#1976),#1980);
#1976 = LINE('',#1977,#1978);
#1977 = CARTESIAN_POINT('',(-0.,0.));
#1978 = VECTOR('',#1979,1.);
#1979 = DIRECTION('',(-0.,-1.));
#1980 = ( GEOMETRIC_REPRESENTATION_CONTEXT(2) 
PARAMETRIC_REPRESENTATION_CONTEXT() REPRESENTATION_CONTEXT('2D SPACE',''
  ) );
#1981 = PCURVE('',#1970,#1982);
#1982 = DEFINITIONAL_REPRESENTATION('',(#1983),#1987);
#1983 = LINE('',#1984,#1985);
#1984 = CARTESIAN_POINT('',(-6.28318530718,0.));
#1985 = VECTOR('',#1986,1.);
#1986 = DIRECTION('',(-0.,-1.));
#1987 = ( GEOMETRIC_REPRESENTATION_CONTEXT(2) 
PARAMETRIC_REPRESENTATION_CONTEXT() REPRESENTATION_CONTEXT('2D SPACE',''
  ) );
#1988 = ORIENTED_EDGE('',*,*,#1989,.T.);
#1989 = EDGE_CURVE('',#1962,#1962,#1990,.T.);
#1990 = SURFACE_CURVE('',#1991,(#1996,#2003),.PCURVE_S1.);
#1991 = CIRCLE('',#1992,0.52);
#1992 = AXIS2_PLACEMENT_3D('',#1993,#1994,#1995);
#1993 = CARTESIAN_POINT('',(-10.4775,2.0955,3.05));
#1994 = DIRECTION('',(0.,0.,1.));
#1995 = DIRECTION('',(1.,0.,0.));
#1996 = PCURVE('',#1970,#1997);
#1997 = DEFINITIONAL_REPRESENTATION('',(#1998),#2002);
#1998 = LINE('',#1999,#2000);
#1999 = CARTESIAN_POINT('',(-0.,-5.84));
#2000 = VECTOR('',#2001,1.);
#2001 = DIRECTION('',(-1.,0.));
#2002 = ( GEOMETRIC_REPRESENTATION_CONTEXT(2) 
PARAMETRIC_REPRESENTATION_CONTEXT() REPRESENTATION_CONTEXT('2D SPACE',''
  ) );
#2003 = PCURVE('',#2004,#2009);
#2004 = PLANE('',#2005);
#2005 = AXIS2_PLACEMENT_3D('',#2006,#2007,#2008);
#2006 = CARTESIAN_POINT('',(-10.4775,2.0955,3.05));
#2007 = DIRECTION('',(0.,0.,1.));
#2008 = DIRECTION('',(1.,0.,-0.));
#2009 = DEFINITIONAL_REPRESENTATION('',(#2010),#2014);
#2010 = CIRCLE('',#2011,0.52);
#2011 = AXIS2_PLACEMENT_2D('',#2012,#2013);
#2012 = CARTESIAN_POINT('',(0.,0.));
#2013 = DIRECTION('',(1.,0.));
#2014 = ( GEOMETRIC_REPRESENTATION_CONTEXT(2) 
PARAMETRIC_REPRESENTATION_CONTEXT() REPRESENTATION_CONTEXT('2D SPACE',''
  ) );
#2015 = ORIENTED_EDGE('',*,*,#1959,.F.);
#2016 = ORIENTED_EDGE('',*,*,#2017,.F.);
#2017 = EDGE_CURVE('',#1960,#1960,#2018,.T.);
#2018 = SURFACE_CURVE('',#2019,(#2024,#2031),.PCURVE_S1.);
#2019 = CIRCLE('',#2020,0.52);
#2020 = AXIS2_PLACEMENT_3D('',#2021,#2022,#2023);
#2021 = CARTESIAN_POINT('',(-10.4775,2.0955,-2.79));
#2022 = DIRECTION('',(0.,0.,1.));
#2023 = DIRECTION('',(1.,0.,0.));
#2024 = PCURVE('',#1970,#2025);
#2025 = DEFINITIONAL_REPRESENTATION('',(#2026),#2030);
#2026 = LINE('',#2027,#2028);
#2027 = CARTESIAN_POINT('',(-0.,0.));
#2028 = VECTOR('',#2029,1.);
#2029 = DIRECTION('',(-1.,0.));
#2030 = ( GEOMETRIC_REPRESENTATION_CONTEXT(2) 
PARAMETRIC_REPRESENTATION_CONTEXT() REPRESENTATION_CONTEXT('2D SPACE',''
  ) );
#2031 = PCURVE('',#2032,#2037);
#2032 = PLANE('',#2033);
#2033 = AXIS2_PLACEMENT_3D('',#2034,#2035,#2036);
#2034 = CARTESIAN_POINT('',(-10.4775,2.0955,-2.79));
#2035 = DIRECTION('',(0.,0.,1.));
#2036 = DIRECTION('',(1.,0.,-0.));
#2037 = DEFINITIONAL_REPRESENTATION('',(#2038),#2042);
#2038 = CIRCLE('',#2039,0.52);
#2039 = AXIS2_PLACEMENT_2D('',#2040,#2041);
#2040 = CARTESIAN_POINT('',(0.,0.));
#2041 = DIRECTION('',(1.,0.));
#2042 = ( GEOMETRIC_REPRESENTATION_CONTEXT(2) 
PARAMETRIC_REPRESENTATION_CONTEXT() REPRESENTATION_CONTEXT('2D SPACE',''
  ) );
#2043 = ADVANCED_FACE('',(#2044),#2032,.F.);
#2044 = FACE_BOUND('',#2045,.F.);
#2045 = EDGE_LOOP('',(#2046));
#2046 = ORIENTED_EDGE('',*,*,#2017,.T.);
#2047 = ADVANCED_FACE('',(#2048),#2004,.T.);
#2048 = FACE_BOUND('',#2049,.T.);
#2049 = EDGE_LOOP('',(#2050));
#2050 = ORIENTED_EDGE('',*,*,#1989,.T.);
#2051 = ( GEOMETRIC_REPRESENTATION_CONTEXT(3) 
GLOBAL_UNCERTAINTY_ASSIGNED_CONTEXT((#2055)) 
GLOBAL_UNIT_ASSIGNED_CONTEXT((#2052,#2053,#2054)) REPRESENTATION_CONTEXT
('Context #1','3D Context with UNIT and UNCERTAINTY') );
#2052 = ( LENGTH_UNIT() NAMED_UNIT(*) SI_UNIT(.MILLI.,.METRE.) );
#2053 = ( NAMED_UNIT(*) PLANE_ANGLE_UNIT() SI_UNIT($,.RADIAN.) );
#2054 = ( NAMED_UNIT(*) SI_UNIT($,.STERADIAN.) SOLID_ANGLE_UNIT() );
#2055 = UNCERTAINTY_MEASURE_WITH_UNIT(LENGTH_MEASURE(1.E-07),#2052,
  'distance_accuracy_value','confusion accuracy');
#2056 = CONTEXT_DEPENDENT_SHAPE_REPRESENTATION(#2057,#2059);
#2057 = ( REPRESENTATION_RELATIONSHIP('','',#1952,#10) 
REPRESENTATION_RELATIONSHIP_WITH_TRANSFORMATION(#2058) 
SHAPE_REPRESENTATION_RELATIONSHIP() );
#2058 = ITEM_DEFINED_TRANSFORMATION('','',#11,#23);
#2059 = PRODUCT_DEFINITION_SHAPE('Placement','Placement of an item',
  #2060);
#2060 = NEXT_ASSEMBLY_USAGE_OCCURRENCE('3',
  'DEUTSCH_DTM13-12P-R005_Horizontal_2','',#5,#1947,$);
#2061 = PRODUCT_RELATED_PRODUCT_CATEGORY('part',$,(#1949));
#2062 = SHAPE_DEFINITION_REPRESENTATION(#2063,#2069);
#2063 = PRODUCT_DEFINITION_SHAPE('','',#2064);
#2064 = PRODUCT_DEFINITION('design','',#2065,#2068);
#2065 = PRODUCT_DEFINITION_FORMATION('','',#2066);
#2066 = PRODUCT('DEUTSCH_DTM13-12P-R005_Horizontal_3',
  'DEUTSCH_DTM13-12P-R005_Horizontal_3','',(#2067));
#2067 = PRODUCT_CONTEXT('',#2,'mechanical');
#2068 = PRODUCT_DEFINITION_CONTEXT('part definition',#2,'design');
#2069 = ADVANCED_BREP_SHAPE_REPRESENTATION('',(#11,#2070),#2168);
#2070 = MANIFOLD_SOLID_BREP('',#2071);
#2071 = CLOSED_SHELL('',(#2072,#2160,#2164));
#2072 = ADVANCED_FACE('',(#2073),#2087,.T.);
#2073 = FACE_BOUND('',#2074,.F.);
#2074 = EDGE_LOOP('',(#2075,#2105,#2132,#2133));
#2075 = ORIENTED_EDGE('',*,*,#2076,.T.);
#2076 = EDGE_CURVE('',#2077,#2079,#2081,.T.);
#2077 = VERTEX_POINT('',#2078);
#2078 = CARTESIAN_POINT('',(-9.9575,-2.0955,-2.79));
#2079 = VERTEX_POINT('',#2080);
#2080 = CARTESIAN_POINT('',(-9.9575,-2.0955,3.05));
#2081 = SEAM_CURVE('',#2082,(#2086,#2098),.PCURVE_S1.);
#2082 = LINE('',#2083,#2084);
#2083 = CARTESIAN_POINT('',(-9.9575,-2.0955,-2.79));
#2084 = VECTOR('',#2085,1.);
#2085 = DIRECTION('',(0.,0.,1.));
#2086 = PCURVE('',#2087,#2092);
#2087 = CYLINDRICAL_SURFACE('',#2088,0.52);
#2088 = AXIS2_PLACEMENT_3D('',#2089,#2090,#2091);
#2089 = CARTESIAN_POINT('',(-10.4775,-2.0955,-2.79));
#2090 = DIRECTION('',(-0.,-0.,-1.));
#2091 = DIRECTION('',(1.,0.,0.));
#2092 = DEFINITIONAL_REPRESENTATION('',(#2093),#2097);
#2093 = LINE('',#2094,#2095);
#2094 = CARTESIAN_POINT('',(-0.,0.));
#2095 = VECTOR('',#2096,1.);
#2096 = DIRECTION('',(-0.,-1.));
#2097 = ( GEOMETRIC_REPRESENTATION_CONTEXT(2) 
PARAMETRIC_REPRESENTATION_CONTEXT() REPRESENTATION_CONTEXT('2D SPACE',''
  ) );
#2098 = PCURVE('',#2087,#2099);
#2099 = DEFINITIONAL_REPRESENTATION('',(#2100),#2104);
#2100 = LINE('',#2101,#2102);
#2101 = CARTESIAN_POINT('',(-6.28318530718,0.));
#2102 = VECTOR('',#2103,1.);
#2103 = DIRECTION('',(-0.,-1.));
#2104 = ( GEOMETRIC_REPRESENTATION_CONTEXT(2) 
PARAMETRIC_REPRESENTATION_CONTEXT() REPRESENTATION_CONTEXT('2D SPACE',''
  ) );
#2105 = ORIENTED_EDGE('',*,*,#2106,.T.);
#2106 = EDGE_CURVE('',#2079,#2079,#2107,.T.);
#2107 = SURFACE_CURVE('',#2108,(#2113,#2120),.PCURVE_S1.);
#2108 = CIRCLE('',#2109,0.52);
#2109 = AXIS2_PLACEMENT_3D('',#2110,#2111,#2112);
#2110 = CARTESIAN_POINT('',(-10.4775,-2.0955,3.05));
#2111 = DIRECTION('',(0.,0.,1.));
#2112 = DIRECTION('',(1.,0.,0.));
#2113 = PCURVE('',#2087,#2114);
#2114 = DEFINITIONAL_REPRESENTATION('',(#2115),#2119);
#2115 = LINE('',#2116,#2117);
#2116 = CARTESIAN_POINT('',(-0.,-5.84));
#2117 = VECTOR('',#2118,1.);
#2118 = DIRECTION('',(-1.,0.));
#2119 = ( GEOMETRIC_REPRESENTATION_CONTEXT(2) 
PARAMETRIC_REPRESENTATION_CONTEXT() REPRESENTATION_CONTEXT('2D SPACE',''
  ) );
#2120 = PCURVE('',#2121,#2126);
#2121 = PLANE('',#2122);
#2122 = AXIS2_PLACEMENT_3D('',#2123,#2124,#2125);
#2123 = CARTESIAN_POINT('',(-10.4775,-2.0955,3.05));
#2124 = DIRECTION('',(0.,0.,1.));
#2125 = DIRECTION('',(1.,0.,-0.));
#2126 = DEFINITIONAL_REPRESENTATION('',(#2127),#2131);
#2127 = CIRCLE('',#2128,0.52);
#2128 = AXIS2_PLACEMENT_2D('',#2129,#2130);
#2129 = CARTESIAN_POINT('',(0.,0.));
#2130 = DIRECTION('',(1.,0.));
#2131 = ( GEOMETRIC_REPRESENTATION_CONTEXT(2) 
PARAMETRIC_REPRESENTATION_CONTEXT() REPRESENTATION_CONTEXT('2D SPACE',''
  ) );
#2132 = ORIENTED_EDGE('',*,*,#2076,.F.);
#2133 = ORIENTED_EDGE('',*,*,#2134,.F.);
#2134 = EDGE_CURVE('',#2077,#2077,#2135,.T.);
#2135 = SURFACE_CURVE('',#2136,(#2141,#2148),.PCURVE_S1.);
#2136 = CIRCLE('',#2137,0.52);
#2137 = AXIS2_PLACEMENT_3D('',#2138,#2139,#2140);
#2138 = CARTESIAN_POINT('',(-10.4775,-2.0955,-2.79));
#2139 = DIRECTION('',(0.,0.,1.));
#2140 = DIRECTION('',(1.,0.,0.));
#2141 = PCURVE('',#2087,#2142);
#2142 = DEFINITIONAL_REPRESENTATION('',(#2143),#2147);
#2143 = LINE('',#2144,#2145);
#2144 = CARTESIAN_POINT('',(-0.,0.));
#2145 = VECTOR('',#2146,1.);
#2146 = DIRECTION('',(-1.,0.));
#2147 = ( GEOMETRIC_REPRESENTATION_CONTEXT(2) 
PARAMETRIC_REPRESENTATION_CONTEXT() REPRESENTATION_CONTEXT('2D SPACE',''
  ) );
#2148 = PCURVE('',#2149,#2154);
#2149 = PLANE('',#2150);
#2150 = AXIS2_PLACEMENT_3D('',#2151,#2152,#2153);
#2151 = CARTESIAN_POINT('',(-10.4775,-2.0955,-2.79));
#2152 = DIRECTION('',(0.,0.,1.));
#2153 = DIRECTION('',(1.,0.,-0.));
#2154 = DEFINITIONAL_REPRESENTATION('',(#2155),#2159);
#2155 = CIRCLE('',#2156,0.52);
#2156 = AXIS2_PLACEMENT_2D('',#2157,#2158);
#2157 = CARTESIAN_POINT('',(0.,0.));
#2158 = DIRECTION('',(1.,0.));
#2159 = ( GEOMETRIC_REPRESENTATION_CONTEXT(2) 
PARAMETRIC_REPRESENTATION_CONTEXT() REPRESENTATION_CONTEXT('2D SPACE',''
  ) );
#2160 = ADVANCED_FACE('',(#2161),#2149,.F.);
#2161 = FACE_BOUND('',#2162,.F.);
#2162 = EDGE_LOOP('',(#2163));
#2163 = ORIENTED_EDGE('',*,*,#2134,.T.);
#2164 = ADVANCED_FACE('',(#2165),#2121,.T.);
#2165 = FACE_BOUND('',#2166,.T.);
#2166 = EDGE_LOOP('',(#2167));
#2167 = ORIENTED_EDGE('',*,*,#2106,.T.);
#2168 = ( GEOMETRIC_REPRESENTATION_CONTEXT(3) 
GLOBAL_UNCERTAINTY_ASSIGNED_CONTEXT((#2172)) 
GLOBAL_UNIT_ASSIGNED_CONTEXT((#2169,#2170,#2171)) REPRESENTATION_CONTEXT
('Context #1','3D Context with UNIT and UNCERTAINTY') );
#2169 = ( LENGTH_UNIT() NAMED_UNIT(*) SI_UNIT(.MILLI.,.METRE.) );
#2170 = ( NAMED_UNIT(*) PLANE_ANGLE_UNIT() SI_UNIT($,.RADIAN.) );
#2171 = ( NAMED_UNIT(*) SI_UNIT($,.STERADIAN.) SOLID_ANGLE_UNIT() );
#2172 = UNCERTAINTY_MEASURE_WITH_UNIT(LENGTH_MEASURE(1.E-07),#2169,
  'distance_accuracy_value','confusion accuracy');
#2173 = CONTEXT_DEPENDENT_SHAPE_REPRESENTATION(#2174,#2176);
#2174 = ( REPRESENTATION_RELATIONSHIP('','',#2069,#10) 
REPRESENTATION_RELATIONSHIP_WITH_TRANSFORMATION(#2175) 
SHAPE_REPRESENTATION_RELATIONSHIP() );
#2175 = ITEM_DEFINED_TRANSFORMATION('','',#11,#27);
#2176 = PRODUCT_DEFINITION_SHAPE('Placement','Placement of an item',
  #2177);
#2177 = NEXT_ASSEMBLY_USAGE_OCCURRENCE('4',
  'DEUTSCH_DTM13-12P-R005_Horizontal_3','',#5,#2064,$);
#2178 = PRODUCT_RELATED_PRODUCT_CATEGORY('part',$,(#2066));
#2179 = SHAPE_DEFINITION_REPRESENTATION(#2180,#2186);
#2180 = PRODUCT_DEFINITION_SHAPE('','',#2181);
#2181 = PRODUCT_DEFINITION('design','',#2182,#2185);
#2182 = PRODUCT_DEFINITION_FORMATION('','',#2183);
#2183 = PRODUCT('DEUTSCH_DTM13-12P-R005_Horizontal_4',
  'DEUTSCH_DTM13-12P-R005_Horizontal_4','',(#2184));
#2184 = PRODUCT_CONTEXT('',#2,'mechanical');
#2185 = PRODUCT_DEFINITION_CONTEXT('part definition',#2,'design');
#2186 = ADVANCED_BREP_SHAPE_REPRESENTATION('',(#11,#2187),#2285);
#2187 = MANIFOLD_SOLID_BREP('',#2188);
#2188 = CLOSED_SHELL('',(#2189,#2277,#2281));
#2189 = ADVANCED_FACE('',(#2190),#2204,.T.);
#2190 = FACE_BOUND('',#2191,.F.);
#2191 = EDGE_LOOP('',(#2192,#2222,#2249,#2250));
#2192 = ORIENTED_EDGE('',*,*,#2193,.T.);
#2193 = EDGE_CURVE('',#2194,#2196,#2198,.T.);
#2194 = VERTEX_POINT('',#2195);
#2195 = CARTESIAN_POINT('',(-5.7665,2.0955,-2.79));
#2196 = VERTEX_POINT('',#2197);
#2197 = CARTESIAN_POINT('',(-5.7665,2.0955,3.05));
#2198 = SEAM_CURVE('',#2199,(#2203,#2215),.PCURVE_S1.);
#2199 = LINE('',#2200,#2201);
#2200 = CARTESIAN_POINT('',(-5.7665,2.0955,-2.79));
#2201 = VECTOR('',#2202,1.);
#2202 = DIRECTION('',(0.,0.,1.));
#2203 = PCURVE('',#2204,#2209);
#2204 = CYLINDRICAL_SURFACE('',#2205,0.52);
#2205 = AXIS2_PLACEMENT_3D('',#2206,#2207,#2208);
#2206 = CARTESIAN_POINT('',(-6.2865,2.0955,-2.79));
#2207 = DIRECTION('',(-0.,-0.,-1.));
#2208 = DIRECTION('',(1.,0.,0.));
#2209 = DEFINITIONAL_REPRESENTATION('',(#2210),#2214);
#2210 = LINE('',#2211,#2212);
#2211 = CARTESIAN_POINT('',(-0.,0.));
#2212 = VECTOR('',#2213,1.);
#2213 = DIRECTION('',(-0.,-1.));
#2214 = ( GEOMETRIC_REPRESENTATION_CONTEXT(2) 
PARAMETRIC_REPRESENTATION_CONTEXT() REPRESENTATION_CONTEXT('2D SPACE',''
  ) );
#2215 = PCURVE('',#2204,#2216);
#2216 = DEFINITIONAL_REPRESENTATION('',(#2217),#2221);
#2217 = LINE('',#2218,#2219);
#2218 = CARTESIAN_POINT('',(-6.28318530718,0.));
#2219 = VECTOR('',#2220,1.);
#2220 = DIRECTION('',(-0.,-1.));
#2221 = ( GEOMETRIC_REPRESENTATION_CONTEXT(2) 
PARAMETRIC_REPRESENTATION_CONTEXT() REPRESENTATION_CONTEXT('2D SPACE',''
  ) );
#2222 = ORIENTED_EDGE('',*,*,#2223,.T.);
#2223 = EDGE_CURVE('',#2196,#2196,#2224,.T.);
#2224 = SURFACE_CURVE('',#2225,(#2230,#2237),.PCURVE_S1.);
#2225 = CIRCLE('',#2226,0.52);
#2226 = AXIS2_PLACEMENT_3D('',#2227,#2228,#2229);
#2227 = CARTESIAN_POINT('',(-6.2865,2.0955,3.05));
#2228 = DIRECTION('',(0.,0.,1.));
#2229 = DIRECTION('',(1.,0.,0.));
#2230 = PCURVE('',#2204,#2231);
#2231 = DEFINITIONAL_REPRESENTATION('',(#2232),#2236);
#2232 = LINE('',#2233,#2234);
#2233 = CARTESIAN_POINT('',(-0.,-5.84));
#2234 = VECTOR('',#2235,1.);
#2235 = DIRECTION('',(-1.,0.));
#2236 = ( GEOMETRIC_REPRESENTATION_CONTEXT(2) 
PARAMETRIC_REPRESENTATION_CONTEXT() REPRESENTATION_CONTEXT('2D SPACE',''
  ) );
#2237 = PCURVE('',#2238,#2243);
#2238 = PLANE('',#2239);
#2239 = AXIS2_PLACEMENT_3D('',#2240,#2241,#2242);
#2240 = CARTESIAN_POINT('',(-6.2865,2.0955,3.05));
#2241 = DIRECTION('',(0.,0.,1.));
#2242 = DIRECTION('',(1.,0.,-0.));
#2243 = DEFINITIONAL_REPRESENTATION('',(#2244),#2248);
#2244 = CIRCLE('',#2245,0.52);
#2245 = AXIS2_PLACEMENT_2D('',#2246,#2247);
#2246 = CARTESIAN_POINT('',(0.,0.));
#2247 = DIRECTION('',(1.,0.));
#2248 = ( GEOMETRIC_REPRESENTATION_CONTEXT(2) 
PARAMETRIC_REPRESENTATION_CONTEXT() REPRESENTATION_CONTEXT('2D SPACE',''
  ) );
#2249 = ORIENTED_EDGE('',*,*,#2193,.F.);
#2250 = ORIENTED_EDGE('',*,*,#2251,.F.);
#2251 = EDGE_CURVE('',#2194,#2194,#2252,.T.);
#2252 = SURFACE_CURVE('',#2253,(#2258,#2265),.PCURVE_S1.);
#2253 = CIRCLE('',#2254,0.52);
#2254 = AXIS2_PLACEMENT_3D('',#2255,#2256,#2257);
#2255 = CARTESIAN_POINT('',(-6.2865,2.0955,-2.79));
#2256 = DIRECTION('',(0.,0.,1.));
#2257 = DIRECTION('',(1.,0.,0.));
#2258 = PCURVE('',#2204,#2259);
#2259 = DEFINITIONAL_REPRESENTATION('',(#2260),#2264);
#2260 = LINE('',#2261,#2262);
#2261 = CARTESIAN_POINT('',(-0.,0.));
#2262 = VECTOR('',#2263,1.);
#2263 = DIRECTION('',(-1.,0.));
#2264 = ( GEOMETRIC_REPRESENTATION_CONTEXT(2) 
PARAMETRIC_REPRESENTATION_CONTEXT() REPRESENTATION_CONTEXT('2D SPACE',''
  ) );
#2265 = PCURVE('',#2266,#2271);
#2266 = PLANE('',#2267);
#2267 = AXIS2_PLACEMENT_3D('',#2268,#2269,#2270);
#2268 = CARTESIAN_POINT('',(-6.2865,2.0955,-2.79));
#2269 = DIRECTION('',(0.,0.,1.));
#2270 = DIRECTION('',(1.,0.,-0.));
#2271 = DEFINITIONAL_REPRESENTATION('',(#2272),#2276);
#2272 = CIRCLE('',#2273,0.52);
#2273 = AXIS2_PLACEMENT_2D('',#2274,#2275);
#2274 = CARTESIAN_POINT('',(0.,0.));
#2275 = DIRECTION('',(1.,0.));
#2276 = ( GEOMETRIC_REPRESENTATION_CONTEXT(2) 
PARAMETRIC_REPRESENTATION_CONTEXT() REPRESENTATION_CONTEXT('2D SPACE',''
  ) );
#2277 = ADVANCED_FACE('',(#2278),#2266,.F.);
#2278 = FACE_BOUND('',#2279,.F.);
#2279 = EDGE_LOOP('',(#2280));
#2280 = ORIENTED_EDGE('',*,*,#2251,.T.);
#2281 = ADVANCED_FACE('',(#2282),#2238,.T.);
#2282 = FACE_BOUND('',#2283,.T.);
#2283 = EDGE_LOOP('',(#2284));
#2284 = ORIENTED_EDGE('',*,*,#2223,.T.);
#2285 = ( GEOMETRIC_REPRESENTATION_CONTEXT(3) 
GLOBAL_UNCERTAINTY_ASSIGNED_CONTEXT((#2289)) 
GLOBAL_UNIT_ASSIGNED_CONTEXT((#2286,#2287,#2288)) REPRESENTATION_CONTEXT
('Context #1','3D Context with UNIT and UNCERTAINTY') );
#2286 = ( LENGTH_UNIT() NAMED_UNIT(*) SI_UNIT(.MILLI.,.METRE.) );
#2287 = ( NAMED_UNIT(*) PLANE_ANGLE_UNIT() SI_UNIT($,.RADIAN.) );
#2288 = ( NAMED_UNIT(*) SI_UNIT($,.STERADIAN.) SOLID_ANGLE_UNIT() );
#2289 = UNCERTAINTY_MEASURE_WITH_UNIT(LENGTH_MEASURE(1.E-07),#2286,
  'distance_accuracy_value','confusion accuracy');
#2290 = CONTEXT_DEPENDENT_SHAPE_REPRESENTATION(#2291,#2293);
#2291 = ( REPRESENTATION_RELATIONSHIP('','',#2186,#10) 
REPRESENTATION_RELATIONSHIP_WITH_TRANSFORMATION(#2292) 
SHAPE_REPRESENTATION_RELATIONSHIP() );
#2292 = ITEM_DEFINED_TRANSFORMATION('','',#11,#31);
#2293 = PRODUCT_DEFINITION_SHAPE('Placement','Placement of an item',
  #2294);
#2294 = NEXT_ASSEMBLY_USAGE_OCCURRENCE('5',
  'DEUTSCH_DTM13-12P-R005_Horizontal_4','',#5,#2181,$);
#2295 = PRODUCT_RELATED_PRODUCT_CATEGORY('part',$,(#2183));
#2296 = SHAPE_DEFINITION_REPRESENTATION(#2297,#2303);
#2297 = PRODUCT_DEFINITION_SHAPE('','',#2298);
#2298 = PRODUCT_DEFINITION('design','',#2299,#2302);
#2299 = PRODUCT_DEFINITION_FORMATION('','',#2300);
#2300 = PRODUCT('DEUTSCH_DTM13-12P-R005_Horizontal_5',
  'DEUTSCH_DTM13-12P-R005_Horizontal_5','',(#2301));
#2301 = PRODUCT_CONTEXT('',#2,'mechanical');
#2302 = PRODUCT_DEFINITION_CONTEXT('part definition',#2,'design');
#2303 = ADVANCED_BREP_SHAPE_REPRESENTATION('',(#11,#2304),#2402);
#2304 = MANIFOLD_SOLID_BREP('',#2305);
#2305 = CLOSED_SHELL('',(#2306,#2394,#2398));
#2306 = ADVANCED_FACE('',(#2307),#2321,.T.);
#2307 = FACE_BOUND('',#2308,.F.);
#2308 = EDGE_LOOP('',(#2309,#2339,#2366,#2367));
#2309 = ORIENTED_EDGE('',*,*,#2310,.T.);
#2310 = EDGE_CURVE('',#2311,#2313,#2315,.T.);
#2311 = VERTEX_POINT('',#2312);
#2312 = CARTESIAN_POINT('',(-5.7665,-2.0955,-2.79));
#2313 = VERTEX_POINT('',#2314);
#2314 = CARTESIAN_POINT('',(-5.7665,-2.0955,3.05));
#2315 = SEAM_CURVE('',#2316,(#2320,#2332),.PCURVE_S1.);
#2316 = LINE('',#2317,#2318);
#2317 = CARTESIAN_POINT('',(-5.7665,-2.0955,-2.79));
#2318 = VECTOR('',#2319,1.);
#2319 = DIRECTION('',(0.,0.,1.));
#2320 = PCURVE('',#2321,#2326);
#2321 = CYLINDRICAL_SURFACE('',#2322,0.52);
#2322 = AXIS2_PLACEMENT_3D('',#2323,#2324,#2325);
#2323 = CARTESIAN_POINT('',(-6.2865,-2.0955,-2.79));
#2324 = DIRECTION('',(-0.,-0.,-1.));
#2325 = DIRECTION('',(1.,0.,0.));
#2326 = DEFINITIONAL_REPRESENTATION('',(#2327),#2331);
#2327 = LINE('',#2328,#2329);
#2328 = CARTESIAN_POINT('',(-0.,0.));
#2329 = VECTOR('',#2330,1.);
#2330 = DIRECTION('',(-0.,-1.));
#2331 = ( GEOMETRIC_REPRESENTATION_CONTEXT(2) 
PARAMETRIC_REPRESENTATION_CONTEXT() REPRESENTATION_CONTEXT('2D SPACE',''
  ) );
#2332 = PCURVE('',#2321,#2333);
#2333 = DEFINITIONAL_REPRESENTATION('',(#2334),#2338);
#2334 = LINE('',#2335,#2336);
#2335 = CARTESIAN_POINT('',(-6.28318530718,0.));
#2336 = VECTOR('',#2337,1.);
#2337 = DIRECTION('',(-0.,-1.));
#2338 = ( GEOMETRIC_REPRESENTATION_CONTEXT(2) 
PARAMETRIC_REPRESENTATION_CONTEXT() REPRESENTATION_CONTEXT('2D SPACE',''
  ) );
#2339 = ORIENTED_EDGE('',*,*,#2340,.T.);
#2340 = EDGE_CURVE('',#2313,#2313,#2341,.T.);
#2341 = SURFACE_CURVE('',#2342,(#2347,#2354),.PCURVE_S1.);
#2342 = CIRCLE('',#2343,0.52);
#2343 = AXIS2_PLACEMENT_3D('',#2344,#2345,#2346);
#2344 = CARTESIAN_POINT('',(-6.2865,-2.0955,3.05));
#2345 = DIRECTION('',(0.,0.,1.));
#2346 = DIRECTION('',(1.,0.,0.));
#2347 = PCURVE('',#2321,#2348);
#2348 = DEFINITIONAL_REPRESENTATION('',(#2349),#2353);
#2349 = LINE('',#2350,#2351);
#2350 = CARTESIAN_POINT('',(-0.,-5.84));
#2351 = VECTOR('',#2352,1.);
#2352 = DIRECTION('',(-1.,0.));
#2353 = ( GEOMETRIC_REPRESENTATION_CONTEXT(2) 
PARAMETRIC_REPRESENTATION_CONTEXT() REPRESENTATION_CONTEXT('2D SPACE',''
  ) );
#2354 = PCURVE('',#2355,#2360);
#2355 = PLANE('',#2356);
#2356 = AXIS2_PLACEMENT_3D('',#2357,#2358,#2359);
#2357 = CARTESIAN_POINT('',(-6.2865,-2.0955,3.05));
#2358 = DIRECTION('',(0.,0.,1.));
#2359 = DIRECTION('',(1.,0.,-0.));
#2360 = DEFINITIONAL_REPRESENTATION('',(#2361),#2365);
#2361 = CIRCLE('',#2362,0.52);
#2362 = AXIS2_PLACEMENT_2D('',#2363,#2364);
#2363 = CARTESIAN_POINT('',(0.,0.));
#2364 = DIRECTION('',(1.,0.));
#2365 = ( GEOMETRIC_REPRESENTATION_CONTEXT(2) 
PARAMETRIC_REPRESENTATION_CONTEXT() REPRESENTATION_CONTEXT('2D SPACE',''
  ) );
#2366 = ORIENTED_EDGE('',*,*,#2310,.F.);
#2367 = ORIENTED_EDGE('',*,*,#2368,.F.);
#2368 = EDGE_CURVE('',#2311,#2311,#2369,.T.);
#2369 = SURFACE_CURVE('',#2370,(#2375,#2382),.PCURVE_S1.);
#2370 = CIRCLE('',#2371,0.52);
#2371 = AXIS2_PLACEMENT_3D('',#2372,#2373,#2374);
#2372 = CARTESIAN_POINT('',(-6.2865,-2.0955,-2.79));
#2373 = DIRECTION('',(0.,0.,1.));
#2374 = DIRECTION('',(1.,0.,0.));
#2375 = PCURVE('',#2321,#2376);
#2376 = DEFINITIONAL_REPRESENTATION('',(#2377),#2381);
#2377 = LINE('',#2378,#2379);
#2378 = CARTESIAN_POINT('',(-0.,0.));
#2379 = VECTOR('',#2380,1.);
#2380 = DIRECTION('',(-1.,0.));
#2381 = ( GEOMETRIC_REPRESENTATION_CONTEXT(2) 
PARAMETRIC_REPRESENTATION_CONTEXT() REPRESENTATION_CONTEXT('2D SPACE',''
  ) );
#2382 = PCURVE('',#2383,#2388);
#2383 = PLANE('',#2384);
#2384 = AXIS2_PLACEMENT_3D('',#2385,#2386,#2387);
#2385 = CARTESIAN_POINT('',(-6.2865,-2.0955,-2.79));
#2386 = DIRECTION('',(0.,0.,1.));
#2387 = DIRECTION('',(1.,0.,-0.));
#2388 = DEFINITIONAL_REPRESENTATION('',(#2389),#2393);
#2389 = CIRCLE('',#2390,0.52);
#2390 = AXIS2_PLACEMENT_2D('',#2391,#2392);
#2391 = CARTESIAN_POINT('',(0.,0.));
#2392 = DIRECTION('',(1.,0.));
#2393 = ( GEOMETRIC_REPRESENTATION_CONTEXT(2) 
PARAMETRIC_REPRESENTATION_CONTEXT() REPRESENTATION_CONTEXT('2D SPACE',''
  ) );
#2394 = ADVANCED_FACE('',(#2395),#2383,.F.);
#2395 = FACE_BOUND('',#2396,.F.);
#2396 = EDGE_LOOP('',(#2397));
#2397 = ORIENTED_EDGE('',*,*,#2368,.T.);
#2398 = ADVANCED_FACE('',(#2399),#2355,.T.);
#2399 = FACE_BOUND('',#2400,.T.);
#2400 = EDGE_LOOP('',(#2401));
#2401 = ORIENTED_EDGE('',*,*,#2340,.T.);
#2402 = ( GEOMETRIC_REPRESENTATION_CONTEXT(3) 
GLOBAL_UNCERTAINTY_ASSIGNED_CONTEXT((#2406)) 
GLOBAL_UNIT_ASSIGNED_CONTEXT((#2403,#2404,#2405)) REPRESENTATION_CONTEXT
('Context #1','3D Context with UNIT and UNCERTAINTY') );
#2403 = ( LENGTH_UNIT() NAMED_UNIT(*) SI_UNIT(.MILLI.,.METRE.) );
#2404 = ( NAMED_UNIT(*) PLANE_ANGLE_UNIT() SI_UNIT($,.RADIAN.) );
#2405 = ( NAMED_UNIT(*) SI_UNIT($,.STERADIAN.) SOLID_ANGLE_UNIT() );
#2406 = UNCERTAINTY_MEASURE_WITH_UNIT(LENGTH_MEASURE(1.E-07),#2403,
  'distance_accuracy_value','confusion accuracy');
#2407 = CONTEXT_DEPENDENT_SHAPE_REPRESENTATION(#2408,#2410);
#2408 = ( REPRESENTATION_RELATIONSHIP('','',#2303,#10) 
REPRESENTATION_RELATIONSHIP_WITH_TRANSFORMATION(#2409) 
SHAPE_REPRESENTATION_RELATIONSHIP() );
#2409 = ITEM_DEFINED_TRANSFORMATION('','',#11,#35);
#2410 = PRODUCT_DEFINITION_SHAPE('Placement','Placement of an item',
  #2411);
#2411 = NEXT_ASSEMBLY_USAGE_OCCURRENCE('6',
  'DEUTSCH_DTM13-12P-R005_Horizontal_5','',#5,#2298,$);
#2412 = PRODUCT_RELATED_PRODUCT_CATEGORY('part',$,(#2300));
#2413 = SHAPE_DEFINITION_REPRESENTATION(#2414,#2420);
#2414 = PRODUCT_DEFINITION_SHAPE('','',#2415);
#2415 = PRODUCT_DEFINITION('design','',#2416,#2419);
#2416 = PRODUCT_DEFINITION_FORMATION('','',#2417);
#2417 = PRODUCT('DEUTSCH_DTM13-12P-R005_Horizontal_6',
  'DEUTSCH_DTM13-12P-R005_Horizontal_6','',(#2418));
#2418 = PRODUCT_CONTEXT('',#2,'mechanical');
#2419 = PRODUCT_DEFINITION_CONTEXT('part definition',#2,'design');
#2420 = ADVANCED_BREP_SHAPE_REPRESENTATION('',(#11,#2421),#2519);
#2421 = MANIFOLD_SOLID_BREP('',#2422);
#2422 = CLOSED_SHELL('',(#2423,#2511,#2515));
#2423 = ADVANCED_FACE('',(#2424),#2438,.T.);
#2424 = FACE_BOUND('',#2425,.F.);
#2425 = EDGE_LOOP('',(#2426,#2456,#2483,#2484));
#2426 = ORIENTED_EDGE('',*,*,#2427,.T.);
#2427 = EDGE_CURVE('',#2428,#2430,#2432,.T.);
#2428 = VERTEX_POINT('',#2429);
#2429 = CARTESIAN_POINT('',(-1.5755,2.0955,-2.79));
#2430 = VERTEX_POINT('',#2431);
#2431 = CARTESIAN_POINT('',(-1.5755,2.0955,3.05));
#2432 = SEAM_CURVE('',#2433,(#2437,#2449),.PCURVE_S1.);
#2433 = LINE('',#2434,#2435);
#2434 = CARTESIAN_POINT('',(-1.5755,2.0955,-2.79));
#2435 = VECTOR('',#2436,1.);
#2436 = DIRECTION('',(0.,0.,1.));
#2437 = PCURVE('',#2438,#2443);
#2438 = CYLINDRICAL_SURFACE('',#2439,0.52);
#2439 = AXIS2_PLACEMENT_3D('',#2440,#2441,#2442);
#2440 = CARTESIAN_POINT('',(-2.0955,2.0955,-2.79));
#2441 = DIRECTION('',(-0.,-0.,-1.));
#2442 = DIRECTION('',(1.,0.,0.));
#2443 = DEFINITIONAL_REPRESENTATION('',(#2444),#2448);
#2444 = LINE('',#2445,#2446);
#2445 = CARTESIAN_POINT('',(-0.,0.));
#2446 = VECTOR('',#2447,1.);
#2447 = DIRECTION('',(-0.,-1.));
#2448 = ( GEOMETRIC_REPRESENTATION_CONTEXT(2) 
PARAMETRIC_REPRESENTATION_CONTEXT() REPRESENTATION_CONTEXT('2D SPACE',''
  ) );
#2449 = PCURVE('',#2438,#2450);
#2450 = DEFINITIONAL_REPRESENTATION('',(#2451),#2455);
#2451 = LINE('',#2452,#2453);
#2452 = CARTESIAN_POINT('',(-6.28318530718,0.));
#2453 = VECTOR('',#2454,1.);
#2454 = DIRECTION('',(-0.,-1.));
#2455 = ( GEOMETRIC_REPRESENTATION_CONTEXT(2) 
PARAMETRIC_REPRESENTATION_CONTEXT() REPRESENTATION_CONTEXT('2D SPACE',''
  ) );
#2456 = ORIENTED_EDGE('',*,*,#2457,.T.);
#2457 = EDGE_CURVE('',#2430,#2430,#2458,.T.);
#2458 = SURFACE_CURVE('',#2459,(#2464,#2471),.PCURVE_S1.);
#2459 = CIRCLE('',#2460,0.52);
#2460 = AXIS2_PLACEMENT_3D('',#2461,#2462,#2463);
#2461 = CARTESIAN_POINT('',(-2.0955,2.0955,3.05));
#2462 = DIRECTION('',(0.,0.,1.));
#2463 = DIRECTION('',(1.,0.,0.));
#2464 = PCURVE('',#2438,#2465);
#2465 = DEFINITIONAL_REPRESENTATION('',(#2466),#2470);
#2466 = LINE('',#2467,#2468);
#2467 = CARTESIAN_POINT('',(-0.,-5.84));
#2468 = VECTOR('',#2469,1.);
#2469 = DIRECTION('',(-1.,0.));
#2470 = ( GEOMETRIC_REPRESENTATION_CONTEXT(2) 
PARAMETRIC_REPRESENTATION_CONTEXT() REPRESENTATION_CONTEXT('2D SPACE',''
  ) );
#2471 = PCURVE('',#2472,#2477);
#2472 = PLANE('',#2473);
#2473 = AXIS2_PLACEMENT_3D('',#2474,#2475,#2476);
#2474 = CARTESIAN_POINT('',(-2.0955,2.0955,3.05));
#2475 = DIRECTION('',(0.,0.,1.));
#2476 = DIRECTION('',(1.,0.,-0.));
#2477 = DEFINITIONAL_REPRESENTATION('',(#2478),#2482);
#2478 = CIRCLE('',#2479,0.52);
#2479 = AXIS2_PLACEMENT_2D('',#2480,#2481);
#2480 = CARTESIAN_POINT('',(0.,0.));
#2481 = DIRECTION('',(1.,0.));
#2482 = ( GEOMETRIC_REPRESENTATION_CONTEXT(2) 
PARAMETRIC_REPRESENTATION_CONTEXT() REPRESENTATION_CONTEXT('2D SPACE',''
  ) );
#2483 = ORIENTED_EDGE('',*,*,#2427,.F.);
#2484 = ORIENTED_EDGE('',*,*,#2485,.F.);
#2485 = EDGE_CURVE('',#2428,#2428,#2486,.T.);
#2486 = SURFACE_CURVE('',#2487,(#2492,#2499),.PCURVE_S1.);
#2487 = CIRCLE('',#2488,0.52);
#2488 = AXIS2_PLACEMENT_3D('',#2489,#2490,#2491);
#2489 = CARTESIAN_POINT('',(-2.0955,2.0955,-2.79));
#2490 = DIRECTION('',(0.,0.,1.));
#2491 = DIRECTION('',(1.,0.,0.));
#2492 = PCURVE('',#2438,#2493);
#2493 = DEFINITIONAL_REPRESENTATION('',(#2494),#2498);
#2494 = LINE('',#2495,#2496);
#2495 = CARTESIAN_POINT('',(-0.,0.));
#2496 = VECTOR('',#2497,1.);
#2497 = DIRECTION('',(-1.,0.));
#2498 = ( GEOMETRIC_REPRESENTATION_CONTEXT(2) 
PARAMETRIC_REPRESENTATION_CONTEXT() REPRESENTATION_CONTEXT('2D SPACE',''
  ) );
#2499 = PCURVE('',#2500,#2505);
#2500 = PLANE('',#2501);
#2501 = AXIS2_PLACEMENT_3D('',#2502,#2503,#2504);
#2502 = CARTESIAN_POINT('',(-2.0955,2.0955,-2.79));
#2503 = DIRECTION('',(0.,0.,1.));
#2504 = DIRECTION('',(1.,0.,-0.));
#2505 = DEFINITIONAL_REPRESENTATION('',(#2506),#2510);
#2506 = CIRCLE('',#2507,0.52);
#2507 = AXIS2_PLACEMENT_2D('',#2508,#2509);
#2508 = CARTESIAN_POINT('',(0.,0.));
#2509 = DIRECTION('',(1.,0.));
#2510 = ( GEOMETRIC_REPRESENTATION_CONTEXT(2) 
PARAMETRIC_REPRESENTATION_CONTEXT() REPRESENTATION_CONTEXT('2D SPACE',''
  ) );
#2511 = ADVANCED_FACE('',(#2512),#2500,.F.);
#2512 = FACE_BOUND('',#2513,.F.);
#2513 = EDGE_LOOP('',(#2514));
#2514 = ORIENTED_EDGE('',*,*,#2485,.T.);
#2515 = ADVANCED_FACE('',(#2516),#2472,.T.);
#2516 = FACE_BOUND('',#2517,.T.);
#2517 = EDGE_LOOP('',(#2518));
#2518 = ORIENTED_EDGE('',*,*,#2457,.T.);
#2519 = ( GEOMETRIC_REPRESENTATION_CONTEXT(3) 
GLOBAL_UNCERTAINTY_ASSIGNED_CONTEXT((#2523)) 
GLOBAL_UNIT_ASSIGNED_CONTEXT((#2520,#2521,#2522)) REPRESENTATION_CONTEXT
('Context #1','3D Context with UNIT and UNCERTAINTY') );
#2520 = ( LENGTH_UNIT() NAMED_UNIT(*) SI_UNIT(.MILLI.,.METRE.) );
#2521 = ( NAMED_UNIT(*) PLANE_ANGLE_UNIT() SI_UNIT($,.RADIAN.) );
#2522 = ( NAMED_UNIT(*) SI_UNIT($,.STERADIAN.) SOLID_ANGLE_UNIT() );
#2523 = UNCERTAINTY_MEASURE_WITH_UNIT(LENGTH_MEASURE(1.E-07),#2520,
  'distance_accuracy_value','confusion accuracy');
#2524 = CONTEXT_DEPENDENT_SHAPE_REPRESENTATION(#2525,#2527);
#2525 = ( REPRESENTATION_RELATIONSHIP('','',#2420,#10) 
REPRESENTATION_RELATIONSHIP_WITH_TRANSFORMATION(#2526) 
SHAPE_REPRESENTATION_RELATIONSHIP() );
#2526 = ITEM_DEFINED_TRANSFORMATION('','',#11,#39);
#2527 = PRODUCT_DEFINITION_SHAPE('Placement','Placement of an item',
  #2528);
#2528 = NEXT_ASSEMBLY_USAGE_OCCURRENCE('7',
  'DEUTSCH_DTM13-12P-R005_Horizontal_6','',#5,#2415,$);
#2529 = PRODUCT_RELATED_PRODUCT_CATEGORY('part',$,(#2417));
#2530 = SHAPE_DEFINITION_REPRESENTATION(#2531,#2537);
#2531 = PRODUCT_DEFINITION_SHAPE('','',#2532);
#2532 = PRODUCT_DEFINITION('design','',#2533,#2536);
#2533 = PRODUCT_DEFINITION_FORMATION('','',#2534);
#2534 = PRODUCT('DEUTSCH_DTM13-12P-R005_Horizontal_7',
  'DEUTSCH_DTM13-12P-R005_Horizontal_7','',(#2535));
#2535 = PRODUCT_CONTEXT('',#2,'mechanical');
#2536 = PRODUCT_DEFINITION_CONTEXT('part definition',#2,'design');
#2537 = ADVANCED_BREP_SHAPE_REPRESENTATION('',(#11,#2538),#2636);
#2538 = MANIFOLD_SOLID_BREP('',#2539);
#2539 = CLOSED_SHELL('',(#2540,#2628,#2632));
#2540 = ADVANCED_FACE('',(#2541),#2555,.T.);
#2541 = FACE_BOUND('',#2542,.F.);
#2542 = EDGE_LOOP('',(#2543,#2573,#2600,#2601));
#2543 = ORIENTED_EDGE('',*,*,#2544,.T.);
#2544 = EDGE_CURVE('',#2545,#2547,#2549,.T.);
#2545 = VERTEX_POINT('',#2546);
#2546 = CARTESIAN_POINT('',(-1.5755,-2.0955,-2.79));
#2547 = VERTEX_POINT('',#2548);
#2548 = CARTESIAN_POINT('',(-1.5755,-2.0955,3.05));
#2549 = SEAM_CURVE('',#2550,(#2554,#2566),.PCURVE_S1.);
#2550 = LINE('',#2551,#2552);
#2551 = CARTESIAN_POINT('',(-1.5755,-2.0955,-2.79));
#2552 = VECTOR('',#2553,1.);
#2553 = DIRECTION('',(0.,0.,1.));
#2554 = PCURVE('',#2555,#2560);
#2555 = CYLINDRICAL_SURFACE('',#2556,0.52);
#2556 = AXIS2_PLACEMENT_3D('',#2557,#2558,#2559);
#2557 = CARTESIAN_POINT('',(-2.0955,-2.0955,-2.79));
#2558 = DIRECTION('',(-0.,-0.,-1.));
#2559 = DIRECTION('',(1.,0.,0.));
#2560 = DEFINITIONAL_REPRESENTATION('',(#2561),#2565);
#2561 = LINE('',#2562,#2563);
#2562 = CARTESIAN_POINT('',(-0.,0.));
#2563 = VECTOR('',#2564,1.);
#2564 = DIRECTION('',(-0.,-1.));
#2565 = ( GEOMETRIC_REPRESENTATION_CONTEXT(2) 
PARAMETRIC_REPRESENTATION_CONTEXT() REPRESENTATION_CONTEXT('2D SPACE',''
  ) );
#2566 = PCURVE('',#2555,#2567);
#2567 = DEFINITIONAL_REPRESENTATION('',(#2568),#2572);
#2568 = LINE('',#2569,#2570);
#2569 = CARTESIAN_POINT('',(-6.28318530718,0.));
#2570 = VECTOR('',#2571,1.);
#2571 = DIRECTION('',(-0.,-1.));
#2572 = ( GEOMETRIC_REPRESENTATION_CONTEXT(2) 
PARAMETRIC_REPRESENTATION_CONTEXT() REPRESENTATION_CONTEXT('2D SPACE',''
  ) );
#2573 = ORIENTED_EDGE('',*,*,#2574,.T.);
#2574 = EDGE_CURVE('',#2547,#2547,#2575,.T.);
#2575 = SURFACE_CURVE('',#2576,(#2581,#2588),.PCURVE_S1.);
#2576 = CIRCLE('',#2577,0.52);
#2577 = AXIS2_PLACEMENT_3D('',#2578,#2579,#2580);
#2578 = CARTESIAN_POINT('',(-2.0955,-2.0955,3.05));
#2579 = DIRECTION('',(0.,0.,1.));
#2580 = DIRECTION('',(1.,0.,0.));
#2581 = PCURVE('',#2555,#2582);
#2582 = DEFINITIONAL_REPRESENTATION('',(#2583),#2587);
#2583 = LINE('',#2584,#2585);
#2584 = CARTESIAN_POINT('',(-0.,-5.84));
#2585 = VECTOR('',#2586,1.);
#2586 = DIRECTION('',(-1.,0.));
#2587 = ( GEOMETRIC_REPRESENTATION_CONTEXT(2) 
PARAMETRIC_REPRESENTATION_CONTEXT() REPRESENTATION_CONTEXT('2D SPACE',''
  ) );
#2588 = PCURVE('',#2589,#2594);
#2589 = PLANE('',#2590);
#2590 = AXIS2_PLACEMENT_3D('',#2591,#2592,#2593);
#2591 = CARTESIAN_POINT('',(-2.0955,-2.0955,3.05));
#2592 = DIRECTION('',(0.,0.,1.));
#2593 = DIRECTION('',(1.,0.,-0.));
#2594 = DEFINITIONAL_REPRESENTATION('',(#2595),#2599);
#2595 = CIRCLE('',#2596,0.52);
#2596 = AXIS2_PLACEMENT_2D('',#2597,#2598);
#2597 = CARTESIAN_POINT('',(0.,0.));
#2598 = DIRECTION('',(1.,0.));
#2599 = ( GEOMETRIC_REPRESENTATION_CONTEXT(2) 
PARAMETRIC_REPRESENTATION_CONTEXT() REPRESENTATION_CONTEXT('2D SPACE',''
  ) );
#2600 = ORIENTED_EDGE('',*,*,#2544,.F.);
#2601 = ORIENTED_EDGE('',*,*,#2602,.F.);
#2602 = EDGE_CURVE('',#2545,#2545,#2603,.T.);
#2603 = SURFACE_CURVE('',#2604,(#2609,#2616),.PCURVE_S1.);
#2604 = CIRCLE('',#2605,0.52);
#2605 = AXIS2_PLACEMENT_3D('',#2606,#2607,#2608);
#2606 = CARTESIAN_POINT('',(-2.0955,-2.0955,-2.79));
#2607 = DIRECTION('',(0.,0.,1.));
#2608 = DIRECTION('',(1.,0.,0.));
#2609 = PCURVE('',#2555,#2610);
#2610 = DEFINITIONAL_REPRESENTATION('',(#2611),#2615);
#2611 = LINE('',#2612,#2613);
#2612 = CARTESIAN_POINT('',(-0.,0.));
#2613 = VECTOR('',#2614,1.);
#2614 = DIRECTION('',(-1.,0.));
#2615 = ( GEOMETRIC_REPRESENTATION_CONTEXT(2) 
PARAMETRIC_REPRESENTATION_CONTEXT() REPRESENTATION_CONTEXT('2D SPACE',''
  ) );
#2616 = PCURVE('',#2617,#2622);
#2617 = PLANE('',#2618);
#2618 = AXIS2_PLACEMENT_3D('',#2619,#2620,#2621);
#2619 = CARTESIAN_POINT('',(-2.0955,-2.0955,-2.79));
#2620 = DIRECTION('',(0.,0.,1.));
#2621 = DIRECTION('',(1.,0.,-0.));
#2622 = DEFINITIONAL_REPRESENTATION('',(#2623),#2627);
#2623 = CIRCLE('',#2624,0.52);
#2624 = AXIS2_PLACEMENT_2D('',#2625,#2626);
#2625 = CARTESIAN_POINT('',(0.,0.));
#2626 = DIRECTION('',(1.,0.));
#2627 = ( GEOMETRIC_REPRESENTATION_CONTEXT(2) 
PARAMETRIC_REPRESENTATION_CONTEXT() REPRESENTATION_CONTEXT('2D SPACE',''
  ) );
#2628 = ADVANCED_FACE('',(#2629),#2617,.F.);
#2629 = FACE_BOUND('',#2630,.F.);
#2630 = EDGE_LOOP('',(#2631));
#2631 = ORIENTED_EDGE('',*,*,#2602,.T.);
#2632 = ADVANCED_FACE('',(#2633),#2589,.T.);
#2633 = FACE_BOUND('',#2634,.T.);
#2634 = EDGE_LOOP('',(#2635));
#2635 = ORIENTED_EDGE('',*,*,#2574,.T.);
#2636 = ( GEOMETRIC_REPRESENTATION_CONTEXT(3) 
GLOBAL_UNCERTAINTY_ASSIGNED_CONTEXT((#2640)) 
GLOBAL_UNIT_ASSIGNED_CONTEXT((#2637,#2638,#2639)) REPRESENTATION_CONTEXT
('Context #1','3D Context with UNIT and UNCERTAINTY') );
#2637 = ( LENGTH_UNIT() NAMED_UNIT(*) SI_UNIT(.MILLI.,.METRE.) );
#2638 = ( NAMED_UNIT(*) PLANE_ANGLE_UNIT() SI_UNIT($,.RADIAN.) );
#2639 = ( NAMED_UNIT(*) SI_UNIT($,.STERADIAN.) SOLID_ANGLE_UNIT() );
#2640 = UNCERTAINTY_MEASURE_WITH_UNIT(LENGTH_MEASURE(1.E-07),#2637,
  'distance_accuracy_value','confusion accuracy');
#2641 = CONTEXT_DEPENDENT_SHAPE_REPRESENTATION(#2642,#2644);
#2642 = ( REPRESENTATION_RELATIONSHIP('','',#2537,#10) 
REPRESENTATION_RELATIONSHIP_WITH_TRANSFORMATION(#2643) 
SHAPE_REPRESENTATION_RELATIONSHIP() );
#2643 = ITEM_DEFINED_TRANSFORMATION('','',#11,#43);
#2644 = PRODUCT_DEFINITION_SHAPE('Placement','Placement of an item',
  #2645);
#2645 = NEXT_ASSEMBLY_USAGE_OCCURRENCE('8',
  'DEUTSCH_DTM13-12P-R005_Horizontal_7','',#5,#2532,$);
#2646 = PRODUCT_RELATED_PRODUCT_CATEGORY('part',$,(#2534));
#2647 = SHAPE_DEFINITION_REPRESENTATION(#2648,#2654);
#2648 = PRODUCT_DEFINITION_SHAPE('','',#2649);
#2649 = PRODUCT_DEFINITION('design','',#2650,#2653);
#2650 = PRODUCT_DEFINITION_FORMATION('','',#2651);
#2651 = PRODUCT('DEUTSCH_DTM13-12P-R005_Horizontal_8',
  'DEUTSCH_DTM13-12P-R005_Horizontal_8','',(#2652));
#2652 = PRODUCT_CONTEXT('',#2,'mechanical');
#2653 = PRODUCT_DEFINITION_CONTEXT('part definition',#2,'design');
#2654 = ADVANCED_BREP_SHAPE_REPRESENTATION('',(#11,#2655),#2753);
#2655 = MANIFOLD_SOLID_BREP('',#2656);
#2656 = CLOSED_SHELL('',(#2657,#2745,#2749));
#2657 = ADVANCED_FACE('',(#2658),#2672,.T.);
#2658 = FACE_BOUND('',#2659,.F.);
#2659 = EDGE_LOOP('',(#2660,#2690,#2717,#2718));
#2660 = ORIENTED_EDGE('',*,*,#2661,.T.);
#2661 = EDGE_CURVE('',#2662,#2664,#2666,.T.);
#2662 = VERTEX_POINT('',#2663);
#2663 = CARTESIAN_POINT('',(2.6155,2.0955,-2.79));
#2664 = VERTEX_POINT('',#2665);
#2665 = CARTESIAN_POINT('',(2.6155,2.0955,3.05));
#2666 = SEAM_CURVE('',#2667,(#2671,#2683),.PCURVE_S1.);
#2667 = LINE('',#2668,#2669);
#2668 = CARTESIAN_POINT('',(2.6155,2.0955,-2.79));
#2669 = VECTOR('',#2670,1.);
#2670 = DIRECTION('',(0.,0.,1.));
#2671 = PCURVE('',#2672,#2677);
#2672 = CYLINDRICAL_SURFACE('',#2673,0.52);
#2673 = AXIS2_PLACEMENT_3D('',#2674,#2675,#2676);
#2674 = CARTESIAN_POINT('',(2.0955,2.0955,-2.79));
#2675 = DIRECTION('',(-0.,-0.,-1.));
#2676 = DIRECTION('',(1.,0.,0.));
#2677 = DEFINITIONAL_REPRESENTATION('',(#2678),#2682);
#2678 = LINE('',#2679,#2680);
#2679 = CARTESIAN_POINT('',(-0.,0.));
#2680 = VECTOR('',#2681,1.);
#2681 = DIRECTION('',(-0.,-1.));
#2682 = ( GEOMETRIC_REPRESENTATION_CONTEXT(2) 
PARAMETRIC_REPRESENTATION_CONTEXT() REPRESENTATION_CONTEXT('2D SPACE',''
  ) );
#2683 = PCURVE('',#2672,#2684);
#2684 = DEFINITIONAL_REPRESENTATION('',(#2685),#2689);
#2685 = LINE('',#2686,#2687);
#2686 = CARTESIAN_POINT('',(-6.28318530718,0.));
#2687 = VECTOR('',#2688,1.);
#2688 = DIRECTION('',(-0.,-1.));
#2689 = ( GEOMETRIC_REPRESENTATION_CONTEXT(2) 
PARAMETRIC_REPRESENTATION_CONTEXT() REPRESENTATION_CONTEXT('2D SPACE',''
  ) );
#2690 = ORIENTED_EDGE('',*,*,#2691,.T.);
#2691 = EDGE_CURVE('',#2664,#2664,#2692,.T.);
#2692 = SURFACE_CURVE('',#2693,(#2698,#2705),.PCURVE_S1.);
#2693 = CIRCLE('',#2694,0.52);
#2694 = AXIS2_PLACEMENT_3D('',#2695,#2696,#2697);
#2695 = CARTESIAN_POINT('',(2.0955,2.0955,3.05));
#2696 = DIRECTION('',(0.,0.,1.));
#2697 = DIRECTION('',(1.,0.,0.));
#2698 = PCURVE('',#2672,#2699);
#2699 = DEFINITIONAL_REPRESENTATION('',(#2700),#2704);
#2700 = LINE('',#2701,#2702);
#2701 = CARTESIAN_POINT('',(-0.,-5.84));
#2702 = VECTOR('',#2703,1.);
#2703 = DIRECTION('',(-1.,0.));
#2704 = ( GEOMETRIC_REPRESENTATION_CONTEXT(2) 
PARAMETRIC_REPRESENTATION_CONTEXT() REPRESENTATION_CONTEXT('2D SPACE',''
  ) );
#2705 = PCURVE('',#2706,#2711);
#2706 = PLANE('',#2707);
#2707 = AXIS2_PLACEMENT_3D('',#2708,#2709,#2710);
#2708 = CARTESIAN_POINT('',(2.0955,2.0955,3.05));
#2709 = DIRECTION('',(0.,0.,1.));
#2710 = DIRECTION('',(1.,0.,-0.));
#2711 = DEFINITIONAL_REPRESENTATION('',(#2712),#2716);
#2712 = CIRCLE('',#2713,0.52);
#2713 = AXIS2_PLACEMENT_2D('',#2714,#2715);
#2714 = CARTESIAN_POINT('',(0.,0.));
#2715 = DIRECTION('',(1.,0.));
#2716 = ( GEOMETRIC_REPRESENTATION_CONTEXT(2) 
PARAMETRIC_REPRESENTATION_CONTEXT() REPRESENTATION_CONTEXT('2D SPACE',''
  ) );
#2717 = ORIENTED_EDGE('',*,*,#2661,.F.);
#2718 = ORIENTED_EDGE('',*,*,#2719,.F.);
#2719 = EDGE_CURVE('',#2662,#2662,#2720,.T.);
#2720 = SURFACE_CURVE('',#2721,(#2726,#2733),.PCURVE_S1.);
#2721 = CIRCLE('',#2722,0.52);
#2722 = AXIS2_PLACEMENT_3D('',#2723,#2724,#2725);
#2723 = CARTESIAN_POINT('',(2.0955,2.0955,-2.79));
#2724 = DIRECTION('',(0.,0.,1.));
#2725 = DIRECTION('',(1.,0.,0.));
#2726 = PCURVE('',#2672,#2727);
#2727 = DEFINITIONAL_REPRESENTATION('',(#2728),#2732);
#2728 = LINE('',#2729,#2730);
#2729 = CARTESIAN_POINT('',(-0.,0.));
#2730 = VECTOR('',#2731,1.);
#2731 = DIRECTION('',(-1.,0.));
#2732 = ( GEOMETRIC_REPRESENTATION_CONTEXT(2) 
PARAMETRIC_REPRESENTATION_CONTEXT() REPRESENTATION_CONTEXT('2D SPACE',''
  ) );
#2733 = PCURVE('',#2734,#2739);
#2734 = PLANE('',#2735);
#2735 = AXIS2_PLACEMENT_3D('',#2736,#2737,#2738);
#2736 = CARTESIAN_POINT('',(2.0955,2.0955,-2.79));
#2737 = DIRECTION('',(0.,0.,1.));
#2738 = DIRECTION('',(1.,0.,-0.));
#2739 = DEFINITIONAL_REPRESENTATION('',(#2740),#2744);
#2740 = CIRCLE('',#2741,0.52);
#2741 = AXIS2_PLACEMENT_2D('',#2742,#2743);
#2742 = CARTESIAN_POINT('',(0.,0.));
#2743 = DIRECTION('',(1.,0.));
#2744 = ( GEOMETRIC_REPRESENTATION_CONTEXT(2) 
PARAMETRIC_REPRESENTATION_CONTEXT() REPRESENTATION_CONTEXT('2D SPACE',''
  ) );
#2745 = ADVANCED_FACE('',(#2746),#2734,.F.);
#2746 = FACE_BOUND('',#2747,.F.);
#2747 = EDGE_LOOP('',(#2748));
#2748 = ORIENTED_EDGE('',*,*,#2719,.T.);
#2749 = ADVANCED_FACE('',(#2750),#2706,.T.);
#2750 = FACE_BOUND('',#2751,.T.);
#2751 = EDGE_LOOP('',(#2752));
#2752 = ORIENTED_EDGE('',*,*,#2691,.T.);
#2753 = ( GEOMETRIC_REPRESENTATION_CONTEXT(3) 
GLOBAL_UNCERTAINTY_ASSIGNED_CONTEXT((#2757)) 
GLOBAL_UNIT_ASSIGNED_CONTEXT((#2754,#2755,#2756)) REPRESENTATION_CONTEXT
('Context #1','3D Context with UNIT and UNCERTAINTY') );
#2754 = ( LENGTH_UNIT() NAMED_UNIT(*) SI_UNIT(.MILLI.,.METRE.) );
#2755 = ( NAMED_UNIT(*) PLANE_ANGLE_UNIT() SI_UNIT($,.RADIAN.) );
#2756 = ( NAMED_UNIT(*) SI_UNIT($,.STERADIAN.) SOLID_ANGLE_UNIT() );
#2757 = UNCERTAINTY_MEASURE_WITH_UNIT(LENGTH_MEASURE(1.E-07),#2754,
  'distance_accuracy_value','confusion accuracy');
#2758 = CONTEXT_DEPENDENT_SHAPE_REPRESENTATION(#2759,#2761);
#2759 = ( REPRESENTATION_RELATIONSHIP('','',#2654,#10) 
REPRESENTATION_RELATIONSHIP_WITH_TRANSFORMATION(#2760) 
SHAPE_REPRESENTATION_RELATIONSHIP() );
#2760 = ITEM_DEFINED_TRANSFORMATION('','',#11,#47);
#2761 = PRODUCT_DEFINITION_SHAPE('Placement','Placement of an item',
  #2762);
#2762 = NEXT_ASSEMBLY_USAGE_OCCURRENCE('9',
  'DEUTSCH_DTM13-12P-R005_Horizontal_8','',#5,#2649,$);
#2763 = PRODUCT_RELATED_PRODUCT_CATEGORY('part',$,(#2651));
#2764 = SHAPE_DEFINITION_REPRESENTATION(#2765,#2771);
#2765 = PRODUCT_DEFINITION_SHAPE('','',#2766);
#2766 = PRODUCT_DEFINITION('design','',#2767,#2770);
#2767 = PRODUCT_DEFINITION_FORMATION('','',#2768);
#2768 = PRODUCT('DEUTSCH_DTM13-12P-R005_Horizontal_9',
  'DEUTSCH_DTM13-12P-R005_Horizontal_9','',(#2769));
#2769 = PRODUCT_CONTEXT('',#2,'mechanical');
#2770 = PRODUCT_DEFINITION_CONTEXT('part definition',#2,'design');
#2771 = ADVANCED_BREP_SHAPE_REPRESENTATION('',(#11,#2772),#2870);
#2772 = MANIFOLD_SOLID_BREP('',#2773);
#2773 = CLOSED_SHELL('',(#2774,#2862,#2866));
#2774 = ADVANCED_FACE('',(#2775),#2789,.T.);
#2775 = FACE_BOUND('',#2776,.F.);
#2776 = EDGE_LOOP('',(#2777,#2807,#2834,#2835));
#2777 = ORIENTED_EDGE('',*,*,#2778,.T.);
#2778 = EDGE_CURVE('',#2779,#2781,#2783,.T.);
#2779 = VERTEX_POINT('',#2780);
#2780 = CARTESIAN_POINT('',(2.6155,-2.0955,-2.79));
#2781 = VERTEX_POINT('',#2782);
#2782 = CARTESIAN_POINT('',(2.6155,-2.0955,3.05));
#2783 = SEAM_CURVE('',#2784,(#2788,#2800),.PCURVE_S1.);
#2784 = LINE('',#2785,#2786);
#2785 = CARTESIAN_POINT('',(2.6155,-2.0955,-2.79));
#2786 = VECTOR('',#2787,1.);
#2787 = DIRECTION('',(0.,0.,1.));
#2788 = PCURVE('',#2789,#2794);
#2789 = CYLINDRICAL_SURFACE('',#2790,0.52);
#2790 = AXIS2_PLACEMENT_3D('',#2791,#2792,#2793);
#2791 = CARTESIAN_POINT('',(2.0955,-2.0955,-2.79));
#2792 = DIRECTION('',(-0.,-0.,-1.));
#2793 = DIRECTION('',(1.,0.,0.));
#2794 = DEFINITIONAL_REPRESENTATION('',(#2795),#2799);
#2795 = LINE('',#2796,#2797);
#2796 = CARTESIAN_POINT('',(-0.,0.));
#2797 = VECTOR('',#2798,1.);
#2798 = DIRECTION('',(-0.,-1.));
#2799 = ( GEOMETRIC_REPRESENTATION_CONTEXT(2) 
PARAMETRIC_REPRESENTATION_CONTEXT() REPRESENTATION_CONTEXT('2D SPACE',''
  ) );
#2800 = PCURVE('',#2789,#2801);
#2801 = DEFINITIONAL_REPRESENTATION('',(#2802),#2806);
#2802 = LINE('',#2803,#2804);
#2803 = CARTESIAN_POINT('',(-6.28318530718,0.));
#2804 = VECTOR('',#2805,1.);
#2805 = DIRECTION('',(-0.,-1.));
#2806 = ( GEOMETRIC_REPRESENTATION_CONTEXT(2) 
PARAMETRIC_REPRESENTATION_CONTEXT() REPRESENTATION_CONTEXT('2D SPACE',''
  ) );
#2807 = ORIENTED_EDGE('',*,*,#2808,.T.);
#2808 = EDGE_CURVE('',#2781,#2781,#2809,.T.);
#2809 = SURFACE_CURVE('',#2810,(#2815,#2822),.PCURVE_S1.);
#2810 = CIRCLE('',#2811,0.52);
#2811 = AXIS2_PLACEMENT_3D('',#2812,#2813,#2814);
#2812 = CARTESIAN_POINT('',(2.0955,-2.0955,3.05));
#2813 = DIRECTION('',(0.,0.,1.));
#2814 = DIRECTION('',(1.,0.,0.));
#2815 = PCURVE('',#2789,#2816);
#2816 = DEFINITIONAL_REPRESENTATION('',(#2817),#2821);
#2817 = LINE('',#2818,#2819);
#2818 = CARTESIAN_POINT('',(-0.,-5.84));
#2819 = VECTOR('',#2820,1.);
#2820 = DIRECTION('',(-1.,0.));
#2821 = ( GEOMETRIC_REPRESENTATION_CONTEXT(2) 
PARAMETRIC_REPRESENTATION_CONTEXT() REPRESENTATION_CONTEXT('2D SPACE',''
  ) );
#2822 = PCURVE('',#2823,#2828);
#2823 = PLANE('',#2824);
#2824 = AXIS2_PLACEMENT_3D('',#2825,#2826,#2827);
#2825 = CARTESIAN_POINT('',(2.0955,-2.0955,3.05));
#2826 = DIRECTION('',(0.,0.,1.));
#2827 = DIRECTION('',(1.,0.,-0.));
#2828 = DEFINITIONAL_REPRESENTATION('',(#2829),#2833);
#2829 = CIRCLE('',#2830,0.52);
#2830 = AXIS2_PLACEMENT_2D('',#2831,#2832);
#2831 = CARTESIAN_POINT('',(0.,0.));
#2832 = DIRECTION('',(1.,0.));
#2833 = ( GEOMETRIC_REPRESENTATION_CONTEXT(2) 
PARAMETRIC_REPRESENTATION_CONTEXT() REPRESENTATION_CONTEXT('2D SPACE',''
  ) );
#2834 = ORIENTED_EDGE('',*,*,#2778,.F.);
#2835 = ORIENTED_EDGE('',*,*,#2836,.F.);
#2836 = EDGE_CURVE('',#2779,#2779,#2837,.T.);
#2837 = SURFACE_CURVE('',#2838,(#2843,#2850),.PCURVE_S1.);
#2838 = CIRCLE('',#2839,0.52);
#2839 = AXIS2_PLACEMENT_3D('',#2840,#2841,#2842);
#2840 = CARTESIAN_POINT('',(2.0955,-2.0955,-2.79));
#2841 = DIRECTION('',(0.,0.,1.));
#2842 = DIRECTION('',(1.,0.,0.));
#2843 = PCURVE('',#2789,#2844);
#2844 = DEFINITIONAL_REPRESENTATION('',(#2845),#2849);
#2845 = LINE('',#2846,#2847);
#2846 = CARTESIAN_POINT('',(-0.,0.));
#2847 = VECTOR('',#2848,1.);
#2848 = DIRECTION('',(-1.,0.));
#2849 = ( GEOMETRIC_REPRESENTATION_CONTEXT(2) 
PARAMETRIC_REPRESENTATION_CONTEXT() REPRESENTATION_CONTEXT('2D SPACE',''
  ) );
#2850 = PCURVE('',#2851,#2856);
#2851 = PLANE('',#2852);
#2852 = AXIS2_PLACEMENT_3D('',#2853,#2854,#2855);
#2853 = CARTESIAN_POINT('',(2.0955,-2.0955,-2.79));
#2854 = DIRECTION('',(0.,0.,1.));
#2855 = DIRECTION('',(1.,0.,-0.));
#2856 = DEFINITIONAL_REPRESENTATION('',(#2857),#2861);
#2857 = CIRCLE('',#2858,0.52);
#2858 = AXIS2_PLACEMENT_2D('',#2859,#2860);
#2859 = CARTESIAN_POINT('',(0.,0.));
#2860 = DIRECTION('',(1.,0.));
#2861 = ( GEOMETRIC_REPRESENTATION_CONTEXT(2) 
PARAMETRIC_REPRESENTATION_CONTEXT() REPRESENTATION_CONTEXT('2D SPACE',''
  ) );
#2862 = ADVANCED_FACE('',(#2863),#2851,.F.);
#2863 = FACE_BOUND('',#2864,.F.);
#2864 = EDGE_LOOP('',(#2865));
#2865 = ORIENTED_EDGE('',*,*,#2836,.T.);
#2866 = ADVANCED_FACE('',(#2867),#2823,.T.);
#2867 = FACE_BOUND('',#2868,.T.);
#2868 = EDGE_LOOP('',(#2869));
#2869 = ORIENTED_EDGE('',*,*,#2808,.T.);
#2870 = ( GEOMETRIC_REPRESENTATION_CONTEXT(3) 
GLOBAL_UNCERTAINTY_ASSIGNED_CONTEXT((#2874)) 
GLOBAL_UNIT_ASSIGNED_CONTEXT((#2871,#2872,#2873)) REPRESENTATION_CONTEXT
('Context #1','3D Context with UNIT and UNCERTAINTY') );
#2871 = ( LENGTH_UNIT() NAMED_UNIT(*) SI_UNIT(.MILLI.,.METRE.) );
#2872 = ( NAMED_UNIT(*) PLANE_ANGLE_UNIT() SI_UNIT($,.RADIAN.) );
#2873 = ( NAMED_UNIT(*) SI_UNIT($,.STERADIAN.) SOLID_ANGLE_UNIT() );
#2874 = UNCERTAINTY_MEASURE_WITH_UNIT(LENGTH_MEASURE(1.E-07),#2871,
  'distance_accuracy_value','confusion accuracy');
#2875 = CONTEXT_DEPENDENT_SHAPE_REPRESENTATION(#2876,#2878);
#2876 = ( REPRESENTATION_RELATIONSHIP('','',#2771,#10) 
REPRESENTATION_RELATIONSHIP_WITH_TRANSFORMATION(#2877) 
SHAPE_REPRESENTATION_RELATIONSHIP() );
#2877 = ITEM_DEFINED_TRANSFORMATION('','',#11,#51);
#2878 = PRODUCT_DEFINITION_SHAPE('Placement','Placement of an item',
  #2879);
#2879 = NEXT_ASSEMBLY_USAGE_OCCURRENCE('10',
  'DEUTSCH_DTM13-12P-R005_Horizontal_9','',#5,#2766,$);
#2880 = PRODUCT_RELATED_PRODUCT_CATEGORY('part',$,(#2768));
#2881 = SHAPE_DEFINITION_REPRESENTATION(#2882,#2888);
#2882 = PRODUCT_DEFINITION_SHAPE('','',#2883);
#2883 = PRODUCT_DEFINITION('design','',#2884,#2887);
#2884 = PRODUCT_DEFINITION_FORMATION('','',#2885);
#2885 = PRODUCT('DEUTSCH_DTM13-12P-R005_Horizontal_10',
  'DEUTSCH_DTM13-12P-R005_Horizontal_10','',(#2886));
#2886 = PRODUCT_CONTEXT('',#2,'mechanical');
#2887 = PRODUCT_DEFINITION_CONTEXT('part definition',#2,'design');
#2888 = ADVANCED_BREP_SHAPE_REPRESENTATION('',(#11,#2889),#2987);
#2889 = MANIFOLD_SOLID_BREP('',#2890);
#2890 = CLOSED_SHELL('',(#2891,#2979,#2983));
#2891 = ADVANCED_FACE('',(#2892),#2906,.T.);
#2892 = FACE_BOUND('',#2893,.F.);
#2893 = EDGE_LOOP('',(#2894,#2924,#2951,#2952));
#2894 = ORIENTED_EDGE('',*,*,#2895,.T.);
#2895 = EDGE_CURVE('',#2896,#2898,#2900,.T.);
#2896 = VERTEX_POINT('',#2897);
#2897 = CARTESIAN_POINT('',(6.8065,2.0955,-2.79));
#2898 = VERTEX_POINT('',#2899);
#2899 = CARTESIAN_POINT('',(6.8065,2.0955,3.05));
#2900 = SEAM_CURVE('',#2901,(#2905,#2917),.PCURVE_S1.);
#2901 = LINE('',#2902,#2903);
#2902 = CARTESIAN_POINT('',(6.8065,2.0955,-2.79));
#2903 = VECTOR('',#2904,1.);
#2904 = DIRECTION('',(0.,0.,1.));
#2905 = PCURVE('',#2906,#2911);
#2906 = CYLINDRICAL_SURFACE('',#2907,0.52);
#2907 = AXIS2_PLACEMENT_3D('',#2908,#2909,#2910);
#2908 = CARTESIAN_POINT('',(6.2865,2.0955,-2.79));
#2909 = DIRECTION('',(-0.,-0.,-1.));
#2910 = DIRECTION('',(1.,0.,0.));
#2911 = DEFINITIONAL_REPRESENTATION('',(#2912),#2916);
#2912 = LINE('',#2913,#2914);
#2913 = CARTESIAN_POINT('',(-0.,0.));
#2914 = VECTOR('',#2915,1.);
#2915 = DIRECTION('',(-0.,-1.));
#2916 = ( GEOMETRIC_REPRESENTATION_CONTEXT(2) 
PARAMETRIC_REPRESENTATION_CONTEXT() REPRESENTATION_CONTEXT('2D SPACE',''
  ) );
#2917 = PCURVE('',#2906,#2918);
#2918 = DEFINITIONAL_REPRESENTATION('',(#2919),#2923);
#2919 = LINE('',#2920,#2921);
#2920 = CARTESIAN_POINT('',(-6.28318530718,0.));
#2921 = VECTOR('',#2922,1.);
#2922 = DIRECTION('',(-0.,-1.));
#2923 = ( GEOMETRIC_REPRESENTATION_CONTEXT(2) 
PARAMETRIC_REPRESENTATION_CONTEXT() REPRESENTATION_CONTEXT('2D SPACE',''
  ) );
#2924 = ORIENTED_EDGE('',*,*,#2925,.T.);
#2925 = EDGE_CURVE('',#2898,#2898,#2926,.T.);
#2926 = SURFACE_CURVE('',#2927,(#2932,#2939),.PCURVE_S1.);
#2927 = CIRCLE('',#2928,0.52);
#2928 = AXIS2_PLACEMENT_3D('',#2929,#2930,#2931);
#2929 = CARTESIAN_POINT('',(6.2865,2.0955,3.05));
#2930 = DIRECTION('',(0.,0.,1.));
#2931 = DIRECTION('',(1.,0.,0.));
#2932 = PCURVE('',#2906,#2933);
#2933 = DEFINITIONAL_REPRESENTATION('',(#2934),#2938);
#2934 = LINE('',#2935,#2936);
#2935 = CARTESIAN_POINT('',(-0.,-5.84));
#2936 = VECTOR('',#2937,1.);
#2937 = DIRECTION('',(-1.,0.));
#2938 = ( GEOMETRIC_REPRESENTATION_CONTEXT(2) 
PARAMETRIC_REPRESENTATION_CONTEXT() REPRESENTATION_CONTEXT('2D SPACE',''
  ) );
#2939 = PCURVE('',#2940,#2945);
#2940 = PLANE('',#2941);
#2941 = AXIS2_PLACEMENT_3D('',#2942,#2943,#2944);
#2942 = CARTESIAN_POINT('',(6.2865,2.0955,3.05));
#2943 = DIRECTION('',(0.,0.,1.));
#2944 = DIRECTION('',(1.,0.,-0.));
#2945 = DEFINITIONAL_REPRESENTATION('',(#2946),#2950);
#2946 = CIRCLE('',#2947,0.52);
#2947 = AXIS2_PLACEMENT_2D('',#2948,#2949);
#2948 = CARTESIAN_POINT('',(0.,0.));
#2949 = DIRECTION('',(1.,0.));
#2950 = ( GEOMETRIC_REPRESENTATION_CONTEXT(2) 
PARAMETRIC_REPRESENTATION_CONTEXT() REPRESENTATION_CONTEXT('2D SPACE',''
  ) );
#2951 = ORIENTED_EDGE('',*,*,#2895,.F.);
#2952 = ORIENTED_EDGE('',*,*,#2953,.F.);
#2953 = EDGE_CURVE('',#2896,#2896,#2954,.T.);
#2954 = SURFACE_CURVE('',#2955,(#2960,#2967),.PCURVE_S1.);
#2955 = CIRCLE('',#2956,0.52);
#2956 = AXIS2_PLACEMENT_3D('',#2957,#2958,#2959);
#2957 = CARTESIAN_POINT('',(6.2865,2.0955,-2.79));
#2958 = DIRECTION('',(0.,0.,1.));
#2959 = DIRECTION('',(1.,0.,0.));
#2960 = PCURVE('',#2906,#2961);
#2961 = DEFINITIONAL_REPRESENTATION('',(#2962),#2966);
#2962 = LINE('',#2963,#2964);
#2963 = CARTESIAN_POINT('',(-0.,0.));
#2964 = VECTOR('',#2965,1.);
#2965 = DIRECTION('',(-1.,0.));
#2966 = ( GEOMETRIC_REPRESENTATION_CONTEXT(2) 
PARAMETRIC_REPRESENTATION_CONTEXT() REPRESENTATION_CONTEXT('2D SPACE',''
  ) );
#2967 = PCURVE('',#2968,#2973);
#2968 = PLANE('',#2969);
#2969 = AXIS2_PLACEMENT_3D('',#2970,#2971,#2972);
#2970 = CARTESIAN_POINT('',(6.2865,2.0955,-2.79));
#2971 = DIRECTION('',(0.,0.,1.));
#2972 = DIRECTION('',(1.,0.,-0.));
#2973 = DEFINITIONAL_REPRESENTATION('',(#2974),#2978);
#2974 = CIRCLE('',#2975,0.52);
#2975 = AXIS2_PLACEMENT_2D('',#2976,#2977);
#2976 = CARTESIAN_POINT('',(0.,0.));
#2977 = DIRECTION('',(1.,0.));
#2978 = ( GEOMETRIC_REPRESENTATION_CONTEXT(2) 
PARAMETRIC_REPRESENTATION_CONTEXT() REPRESENTATION_CONTEXT('2D SPACE',''
  ) );
#2979 = ADVANCED_FACE('',(#2980),#2968,.F.);
#2980 = FACE_BOUND('',#2981,.F.);
#2981 = EDGE_LOOP('',(#2982));
#2982 = ORIENTED_EDGE('',*,*,#2953,.T.);
#2983 = ADVANCED_FACE('',(#2984),#2940,.T.);
#2984 = FACE_BOUND('',#2985,.T.);
#2985 = EDGE_LOOP('',(#2986));
#2986 = ORIENTED_EDGE('',*,*,#2925,.T.);
#2987 = ( GEOMETRIC_REPRESENTATION_CONTEXT(3) 
GLOBAL_UNCERTAINTY_ASSIGNED_CONTEXT((#2991)) 
GLOBAL_UNIT_ASSIGNED_CONTEXT((#2988,#2989,#2990)) REPRESENTATION_CONTEXT
('Context #1','3D Context with UNIT and UNCERTAINTY') );
#2988 = ( LENGTH_UNIT() NAMED_UNIT(*) SI_UNIT(.MILLI.,.METRE.) );
#2989 = ( NAMED_UNIT(*) PLANE_ANGLE_UNIT() SI_UNIT($,.RADIAN.) );
#2990 = ( NAMED_UNIT(*) SI_UNIT($,.STERADIAN.) SOLID_ANGLE_UNIT() );
#2991 = UNCERTAINTY_MEASURE_WITH_UNIT(LENGTH_MEASURE(1.E-07),#2988,
  'distance_accuracy_value','confusion accuracy');
#2992 = CONTEXT_DEPENDENT_SHAPE_REPRESENTATION(#2993,#2995);
#2993 = ( REPRESENTATION_RELATIONSHIP('','',#2888,#10) 
REPRESENTATION_RELATIONSHIP_WITH_TRANSFORMATION(#2994) 
SHAPE_REPRESENTATION_RELATIONSHIP() );
#2994 = ITEM_DEFINED_TRANSFORMATION('','',#11,#55);
#2995 = PRODUCT_DEFINITION_SHAPE('Placement','Placement of an item',
  #2996);
#2996 = NEXT_ASSEMBLY_USAGE_OCCURRENCE('11',
  'DEUTSCH_DTM13-12P-R005_Horizontal_10','',#5,#2883,$);
#2997 = PRODUCT_RELATED_PRODUCT_CATEGORY('part',$,(#2885));
#2998 = SHAPE_DEFINITION_REPRESENTATION(#2999,#3005);
#2999 = PRODUCT_DEFINITION_SHAPE('','',#3000);
#3000 = PRODUCT_DEFINITION('design','',#3001,#3004);
#3001 = PRODUCT_DEFINITION_FORMATION('','',#3002);
#3002 = PRODUCT('DEUTSCH_DTM13-12P-R005_Horizontal_11',
  'DEUTSCH_DTM13-12P-R005_Horizontal_11','',(#3003));
#3003 = PRODUCT_CONTEXT('',#2,'mechanical');
#3004 = PRODUCT_DEFINITION_CONTEXT('part definition',#2,'design');
#3005 = ADVANCED_BREP_SHAPE_REPRESENTATION('',(#11,#3006),#3104);
#3006 = MANIFOLD_SOLID_BREP('',#3007);
#3007 = CLOSED_SHELL('',(#3008,#3096,#3100));
#3008 = ADVANCED_FACE('',(#3009),#3023,.T.);
#3009 = FACE_BOUND('',#3010,.F.);
#3010 = EDGE_LOOP('',(#3011,#3041,#3068,#3069));
#3011 = ORIENTED_EDGE('',*,*,#3012,.T.);
#3012 = EDGE_CURVE('',#3013,#3015,#3017,.T.);
#3013 = VERTEX_POINT('',#3014);
#3014 = CARTESIAN_POINT('',(6.8065,-2.0955,-2.79));
#3015 = VERTEX_POINT('',#3016);
#3016 = CARTESIAN_POINT('',(6.8065,-2.0955,3.05));
#3017 = SEAM_CURVE('',#3018,(#3022,#3034),.PCURVE_S1.);
#3018 = LINE('',#3019,#3020);
#3019 = CARTESIAN_POINT('',(6.8065,-2.0955,-2.79));
#3020 = VECTOR('',#3021,1.);
#3021 = DIRECTION('',(0.,0.,1.));
#3022 = PCURVE('',#3023,#3028);
#3023 = CYLINDRICAL_SURFACE('',#3024,0.52);
#3024 = AXIS2_PLACEMENT_3D('',#3025,#3026,#3027);
#3025 = CARTESIAN_POINT('',(6.2865,-2.0955,-2.79));
#3026 = DIRECTION('',(-0.,-0.,-1.));
#3027 = DIRECTION('',(1.,0.,0.));
#3028 = DEFINITIONAL_REPRESENTATION('',(#3029),#3033);
#3029 = LINE('',#3030,#3031);
#3030 = CARTESIAN_POINT('',(-0.,0.));
#3031 = VECTOR('',#3032,1.);
#3032 = DIRECTION('',(-0.,-1.));
#3033 = ( GEOMETRIC_REPRESENTATION_CONTEXT(2) 
PARAMETRIC_REPRESENTATION_CONTEXT() REPRESENTATION_CONTEXT('2D SPACE',''
  ) );
#3034 = PCURVE('',#3023,#3035);
#3035 = DEFINITIONAL_REPRESENTATION('',(#3036),#3040);
#3036 = LINE('',#3037,#3038);
#3037 = CARTESIAN_POINT('',(-6.28318530718,0.));
#3038 = VECTOR('',#3039,1.);
#3039 = DIRECTION('',(-0.,-1.));
#3040 = ( GEOMETRIC_REPRESENTATION_CONTEXT(2) 
PARAMETRIC_REPRESENTATION_CONTEXT() REPRESENTATION_CONTEXT('2D SPACE',''
  ) );
#3041 = ORIENTED_EDGE('',*,*,#3042,.T.);
#3042 = EDGE_CURVE('',#3015,#3015,#3043,.T.);
#3043 = SURFACE_CURVE('',#3044,(#3049,#3056),.PCURVE_S1.);
#3044 = CIRCLE('',#3045,0.52);
#3045 = AXIS2_PLACEMENT_3D('',#3046,#3047,#3048);
#3046 = CARTESIAN_POINT('',(6.2865,-2.0955,3.05));
#3047 = DIRECTION('',(0.,0.,1.));
#3048 = DIRECTION('',(1.,0.,0.));
#3049 = PCURVE('',#3023,#3050);
#3050 = DEFINITIONAL_REPRESENTATION('',(#3051),#3055);
#3051 = LINE('',#3052,#3053);
#3052 = CARTESIAN_POINT('',(-0.,-5.84));
#3053 = VECTOR('',#3054,1.);
#3054 = DIRECTION('',(-1.,0.));
#3055 = ( GEOMETRIC_REPRESENTATION_CONTEXT(2) 
PARAMETRIC_REPRESENTATION_CONTEXT() REPRESENTATION_CONTEXT('2D SPACE',''
  ) );
#3056 = PCURVE('',#3057,#3062);
#3057 = PLANE('',#3058);
#3058 = AXIS2_PLACEMENT_3D('',#3059,#3060,#3061);
#3059 = CARTESIAN_POINT('',(6.2865,-2.0955,3.05));
#3060 = DIRECTION('',(0.,0.,1.));
#3061 = DIRECTION('',(1.,0.,-0.));
#3062 = DEFINITIONAL_REPRESENTATION('',(#3063),#3067);
#3063 = CIRCLE('',#3064,0.52);
#3064 = AXIS2_PLACEMENT_2D('',#3065,#3066);
#3065 = CARTESIAN_POINT('',(0.,0.));
#3066 = DIRECTION('',(1.,0.));
#3067 = ( GEOMETRIC_REPRESENTATION_CONTEXT(2) 
PARAMETRIC_REPRESENTATION_CONTEXT() REPRESENTATION_CONTEXT('2D SPACE',''
  ) );
#3068 = ORIENTED_EDGE('',*,*,#3012,.F.);
#3069 = ORIENTED_EDGE('',*,*,#3070,.F.);
#3070 = EDGE_CURVE('',#3013,#3013,#3071,.T.);
#3071 = SURFACE_CURVE('',#3072,(#3077,#3084),.PCURVE_S1.);
#3072 = CIRCLE('',#3073,0.52);
#3073 = AXIS2_PLACEMENT_3D('',#3074,#3075,#3076);
#3074 = CARTESIAN_POINT('',(6.2865,-2.0955,-2.79));
#3075 = DIRECTION('',(0.,0.,1.));
#3076 = DIRECTION('',(1.,0.,0.));
#3077 = PCURVE('',#3023,#3078);
#3078 = DEFINITIONAL_REPRESENTATION('',(#3079),#3083);
#3079 = LINE('',#3080,#3081);
#3080 = CARTESIAN_POINT('',(-0.,0.));
#3081 = VECTOR('',#3082,1.);
#3082 = DIRECTION('',(-1.,0.));
#3083 = ( GEOMETRIC_REPRESENTATION_CONTEXT(2) 
PARAMETRIC_REPRESENTATION_CONTEXT() REPRESENTATION_CONTEXT('2D SPACE',''
  ) );
#3084 = PCURVE('',#3085,#3090);
#3085 = PLANE('',#3086);
#3086 = AXIS2_PLACEMENT_3D('',#3087,#3088,#3089);
#3087 = CARTESIAN_POINT('',(6.2865,-2.0955,-2.79));
#3088 = DIRECTION('',(0.,0.,1.));
#3089 = DIRECTION('',(1.,0.,-0.));
#3090 = DEFINITIONAL_REPRESENTATION('',(#3091),#3095);
#3091 = CIRCLE('',#3092,0.52);
#3092 = AXIS2_PLACEMENT_2D('',#3093,#3094);
#3093 = CARTESIAN_POINT('',(0.,0.));
#3094 = DIRECTION('',(1.,0.));
#3095 = ( GEOMETRIC_REPRESENTATION_CONTEXT(2) 
PARAMETRIC_REPRESENTATION_CONTEXT() REPRESENTATION_CONTEXT('2D SPACE',''
  ) );
#3096 = ADVANCED_FACE('',(#3097),#3085,.F.);
#3097 = FACE_BOUND('',#3098,.F.);
#3098 = EDGE_LOOP('',(#3099));
#3099 = ORIENTED_EDGE('',*,*,#3070,.T.);
#3100 = ADVANCED_FACE('',(#3101),#3057,.T.);
#3101 = FACE_BOUND('',#3102,.T.);
#3102 = EDGE_LOOP('',(#3103));
#3103 = ORIENTED_EDGE('',*,*,#3042,.T.);
#3104 = ( GEOMETRIC_REPRESENTATION_CONTEXT(3) 
GLOBAL_UNCERTAINTY_ASSIGNED_CONTEXT((#3108)) 
GLOBAL_UNIT_ASSIGNED_CONTEXT((#3105,#3106,#3107)) REPRESENTATION_CONTEXT
('Context #1','3D Context with UNIT and UNCERTAINTY') );
#3105 = ( LENGTH_UNIT() NAMED_UNIT(*) SI_UNIT(.MILLI.,.METRE.) );
#3106 = ( NAMED_UNIT(*) PLANE_ANGLE_UNIT() SI_UNIT($,.RADIAN.) );
#3107 = ( NAMED_UNIT(*) SI_UNIT($,.STERADIAN.) SOLID_ANGLE_UNIT() );
#3108 = UNCERTAINTY_MEASURE_WITH_UNIT(LENGTH_MEASURE(1.E-07),#3105,
  'distance_accuracy_value','confusion accuracy');
#3109 = CONTEXT_DEPENDENT_SHAPE_REPRESENTATION(#3110,#3112);
#3110 = ( REPRESENTATION_RELATIONSHIP('','',#3005,#10) 
REPRESENTATION_RELATIONSHIP_WITH_TRANSFORMATION(#3111) 
SHAPE_REPRESENTATION_RELATIONSHIP() );
#3111 = ITEM_DEFINED_TRANSFORMATION('','',#11,#59);
#3112 = PRODUCT_DEFINITION_SHAPE('Placement','Placement of an item',
  #3113);
#3113 = NEXT_ASSEMBLY_USAGE_OCCURRENCE('12',
  'DEUTSCH_DTM13-12P-R005_Horizontal_11','',#5,#3000,$);
#3114 = PRODUCT_RELATED_PRODUCT_CATEGORY('part',$,(#3002));
#3115 = SHAPE_DEFINITION_REPRESENTATION(#3116,#3122);
#3116 = PRODUCT_DEFINITION_SHAPE('','',#3117);
#3117 = PRODUCT_DEFINITION('design','',#3118,#3121);
#3118 = PRODUCT_DEFINITION_FORMATION('','',#3119);
#3119 = PRODUCT('DEUTSCH_DTM13-12P-R005_Horizontal_12',
  'DEUTSCH_DTM13-12P-R005_Horizontal_12','',(#3120));
#3120 = PRODUCT_CONTEXT('',#2,'mechanical');
#3121 = PRODUCT_DEFINITION_CONTEXT('part definition',#2,'design');
#3122 = ADVANCED_BREP_SHAPE_REPRESENTATION('',(#11,#3123),#3221);
#3123 = MANIFOLD_SOLID_BREP('',#3124);
#3124 = CLOSED_SHELL('',(#3125,#3213,#3217));
#3125 = ADVANCED_FACE('',(#3126),#3140,.T.);
#3126 = FACE_BOUND('',#3127,.F.);
#3127 = EDGE_LOOP('',(#3128,#3158,#3185,#3186));
#3128 = ORIENTED_EDGE('',*,*,#3129,.T.);
#3129 = EDGE_CURVE('',#3130,#3132,#3134,.T.);
#3130 = VERTEX_POINT('',#3131);
#3131 = CARTESIAN_POINT('',(10.9975,2.0955,-2.79));
#3132 = VERTEX_POINT('',#3133);
#3133 = CARTESIAN_POINT('',(10.9975,2.0955,3.05));
#3134 = SEAM_CURVE('',#3135,(#3139,#3151),.PCURVE_S1.);
#3135 = LINE('',#3136,#3137);
#3136 = CARTESIAN_POINT('',(10.9975,2.0955,-2.79));
#3137 = VECTOR('',#3138,1.);
#3138 = DIRECTION('',(0.,0.,1.));
#3139 = PCURVE('',#3140,#3145);
#3140 = CYLINDRICAL_SURFACE('',#3141,0.52);
#3141 = AXIS2_PLACEMENT_3D('',#3142,#3143,#3144);
#3142 = CARTESIAN_POINT('',(10.4775,2.0955,-2.79));
#3143 = DIRECTION('',(-0.,-0.,-1.));
#3144 = DIRECTION('',(1.,0.,0.));
#3145 = DEFINITIONAL_REPRESENTATION('',(#3146),#3150);
#3146 = LINE('',#3147,#3148);
#3147 = CARTESIAN_POINT('',(-0.,0.));
#3148 = VECTOR('',#3149,1.);
#3149 = DIRECTION('',(-0.,-1.));
#3150 = ( GEOMETRIC_REPRESENTATION_CONTEXT(2) 
PARAMETRIC_REPRESENTATION_CONTEXT() REPRESENTATION_CONTEXT('2D SPACE',''
  ) );
#3151 = PCURVE('',#3140,#3152);
#3152 = DEFINITIONAL_REPRESENTATION('',(#3153),#3157);
#3153 = LINE('',#3154,#3155);
#3154 = CARTESIAN_POINT('',(-6.28318530718,0.));
#3155 = VECTOR('',#3156,1.);
#3156 = DIRECTION('',(-0.,-1.));
#3157 = ( GEOMETRIC_REPRESENTATION_CONTEXT(2) 
PARAMETRIC_REPRESENTATION_CONTEXT() REPRESENTATION_CONTEXT('2D SPACE',''
  ) );
#3158 = ORIENTED_EDGE('',*,*,#3159,.T.);
#3159 = EDGE_CURVE('',#3132,#3132,#3160,.T.);
#3160 = SURFACE_CURVE('',#3161,(#3166,#3173),.PCURVE_S1.);
#3161 = CIRCLE('',#3162,0.52);
#3162 = AXIS2_PLACEMENT_3D('',#3163,#3164,#3165);
#3163 = CARTESIAN_POINT('',(10.4775,2.0955,3.05));
#3164 = DIRECTION('',(0.,0.,1.));
#3165 = DIRECTION('',(1.,0.,0.));
#3166 = PCURVE('',#3140,#3167);
#3167 = DEFINITIONAL_REPRESENTATION('',(#3168),#3172);
#3168 = LINE('',#3169,#3170);
#3169 = CARTESIAN_POINT('',(-0.,-5.84));
#3170 = VECTOR('',#3171,1.);
#3171 = DIRECTION('',(-1.,0.));
#3172 = ( GEOMETRIC_REPRESENTATION_CONTEXT(2) 
PARAMETRIC_REPRESENTATION_CONTEXT() REPRESENTATION_CONTEXT('2D SPACE',''
  ) );
#3173 = PCURVE('',#3174,#3179);
#3174 = PLANE('',#3175);
#3175 = AXIS2_PLACEMENT_3D('',#3176,#3177,#3178);
#3176 = CARTESIAN_POINT('',(10.4775,2.0955,3.05));
#3177 = DIRECTION('',(0.,0.,1.));
#3178 = DIRECTION('',(1.,0.,-0.));
#3179 = DEFINITIONAL_REPRESENTATION('',(#3180),#3184);
#3180 = CIRCLE('',#3181,0.52);
#3181 = AXIS2_PLACEMENT_2D('',#3182,#3183);
#3182 = CARTESIAN_POINT('',(0.,0.));
#3183 = DIRECTION('',(1.,0.));
#3184 = ( GEOMETRIC_REPRESENTATION_CONTEXT(2) 
PARAMETRIC_REPRESENTATION_CONTEXT() REPRESENTATION_CONTEXT('2D SPACE',''
  ) );
#3185 = ORIENTED_EDGE('',*,*,#3129,.F.);
#3186 = ORIENTED_EDGE('',*,*,#3187,.F.);
#3187 = EDGE_CURVE('',#3130,#3130,#3188,.T.);
#3188 = SURFACE_CURVE('',#3189,(#3194,#3201),.PCURVE_S1.);
#3189 = CIRCLE('',#3190,0.52);
#3190 = AXIS2_PLACEMENT_3D('',#3191,#3192,#3193);
#3191 = CARTESIAN_POINT('',(10.4775,2.0955,-2.79));
#3192 = DIRECTION('',(0.,0.,1.));
#3193 = DIRECTION('',(1.,0.,0.));
#3194 = PCURVE('',#3140,#3195);
#3195 = DEFINITIONAL_REPRESENTATION('',(#3196),#3200);
#3196 = LINE('',#3197,#3198);
#3197 = CARTESIAN_POINT('',(-0.,0.));
#3198 = VECTOR('',#3199,1.);
#3199 = DIRECTION('',(-1.,0.));
#3200 = ( GEOMETRIC_REPRESENTATION_CONTEXT(2) 
PARAMETRIC_REPRESENTATION_CONTEXT() REPRESENTATION_CONTEXT('2D SPACE',''
  ) );
#3201 = PCURVE('',#3202,#3207);
#3202 = PLANE('',#3203);
#3203 = AXIS2_PLACEMENT_3D('',#3204,#3205,#3206);
#3204 = CARTESIAN_POINT('',(10.4775,2.0955,-2.79));
#3205 = DIRECTION('',(0.,0.,1.));
#3206 = DIRECTION('',(1.,0.,-0.));
#3207 = DEFINITIONAL_REPRESENTATION('',(#3208),#3212);
#3208 = CIRCLE('',#3209,0.52);
#3209 = AXIS2_PLACEMENT_2D('',#3210,#3211);
#3210 = CARTESIAN_POINT('',(0.,0.));
#3211 = DIRECTION('',(1.,0.));
#3212 = ( GEOMETRIC_REPRESENTATION_CONTEXT(2) 
PARAMETRIC_REPRESENTATION_CONTEXT() REPRESENTATION_CONTEXT('2D SPACE',''
  ) );
#3213 = ADVANCED_FACE('',(#3214),#3202,.F.);
#3214 = FACE_BOUND('',#3215,.F.);
#3215 = EDGE_LOOP('',(#3216));
#3216 = ORIENTED_EDGE('',*,*,#3187,.T.);
#3217 = ADVANCED_FACE('',(#3218),#3174,.T.);
#3218 = FACE_BOUND('',#3219,.T.);
#3219 = EDGE_LOOP('',(#3220));
#3220 = ORIENTED_EDGE('',*,*,#3159,.T.);
#3221 = ( GEOMETRIC_REPRESENTATION_CONTEXT(3) 
GLOBAL_UNCERTAINTY_ASSIGNED_CONTEXT((#3225)) 
GLOBAL_UNIT_ASSIGNED_CONTEXT((#3222,#3223,#3224)) REPRESENTATION_CONTEXT
('Context #1','3D Context with UNIT and UNCERTAINTY') );
#3222 = ( LENGTH_UNIT() NAMED_UNIT(*) SI_UNIT(.MILLI.,.METRE.) );
#3223 = ( NAMED_UNIT(*) PLANE_ANGLE_UNIT() SI_UNIT($,.RADIAN.) );
#3224 = ( NAMED_UNIT(*) SI_UNIT($,.STERADIAN.) SOLID_ANGLE_UNIT() );
#3225 = UNCERTAINTY_MEASURE_WITH_UNIT(LENGTH_MEASURE(1.E-07),#3222,
  'distance_accuracy_value','confusion accuracy');
#3226 = CONTEXT_DEPENDENT_SHAPE_REPRESENTATION(#3227,#3229);
#3227 = ( REPRESENTATION_RELATIONSHIP('','',#3122,#10) 
REPRESENTATION_RELATIONSHIP_WITH_TRANSFORMATION(#3228) 
SHAPE_REPRESENTATION_RELATIONSHIP() );
#3228 = ITEM_DEFINED_TRANSFORMATION('','',#11,#63);
#3229 = PRODUCT_DEFINITION_SHAPE('Placement','Placement of an item',
  #3230);
#3230 = NEXT_ASSEMBLY_USAGE_OCCURRENCE('13',
  'DEUTSCH_DTM13-12P-R005_Horizontal_12','',#5,#3117,$);
#3231 = PRODUCT_RELATED_PRODUCT_CATEGORY('part',$,(#3119));
#3232 = SHAPE_DEFINITION_REPRESENTATION(#3233,#3239);
#3233 = PRODUCT_DEFINITION_SHAPE('','',#3234);
#3234 = PRODUCT_DEFINITION('design','',#3235,#3238);
#3235 = PRODUCT_DEFINITION_FORMATION('','',#3236);
#3236 = PRODUCT('DEUTSCH_DTM13-12P-R005_Horizontal_13',
  'DEUTSCH_DTM13-12P-R005_Horizontal_13','',(#3237));
#3237 = PRODUCT_CONTEXT('',#2,'mechanical');
#3238 = PRODUCT_DEFINITION_CONTEXT('part definition',#2,'design');
#3239 = ADVANCED_BREP_SHAPE_REPRESENTATION('',(#11,#3240),#3338);
#3240 = MANIFOLD_SOLID_BREP('',#3241);
#3241 = CLOSED_SHELL('',(#3242,#3330,#3334));
#3242 = ADVANCED_FACE('',(#3243),#3257,.T.);
#3243 = FACE_BOUND('',#3244,.F.);
#3244 = EDGE_LOOP('',(#3245,#3275,#3302,#3303));
#3245 = ORIENTED_EDGE('',*,*,#3246,.T.);
#3246 = EDGE_CURVE('',#3247,#3249,#3251,.T.);
#3247 = VERTEX_POINT('',#3248);
#3248 = CARTESIAN_POINT('',(10.9975,-2.0955,-2.79));
#3249 = VERTEX_POINT('',#3250);
#3250 = CARTESIAN_POINT('',(10.9975,-2.0955,3.05));
#3251 = SEAM_CURVE('',#3252,(#3256,#3268),.PCURVE_S1.);
#3252 = LINE('',#3253,#3254);
#3253 = CARTESIAN_POINT('',(10.9975,-2.0955,-2.79));
#3254 = VECTOR('',#3255,1.);
#3255 = DIRECTION('',(0.,0.,1.));
#3256 = PCURVE('',#3257,#3262);
#3257 = CYLINDRICAL_SURFACE('',#3258,0.52);
#3258 = AXIS2_PLACEMENT_3D('',#3259,#3260,#3261);
#3259 = CARTESIAN_POINT('',(10.4775,-2.0955,-2.79));
#3260 = DIRECTION('',(-0.,-0.,-1.));
#3261 = DIRECTION('',(1.,0.,0.));
#3262 = DEFINITIONAL_REPRESENTATION('',(#3263),#3267);
#3263 = LINE('',#3264,#3265);
#3264 = CARTESIAN_POINT('',(-0.,0.));
#3265 = VECTOR('',#3266,1.);
#3266 = DIRECTION('',(-0.,-1.));
#3267 = ( GEOMETRIC_REPRESENTATION_CONTEXT(2) 
PARAMETRIC_REPRESENTATION_CONTEXT() REPRESENTATION_CONTEXT('2D SPACE',''
  ) );
#3268 = PCURVE('',#3257,#3269);
#3269 = DEFINITIONAL_REPRESENTATION('',(#3270),#3274);
#3270 = LINE('',#3271,#3272);
#3271 = CARTESIAN_POINT('',(-6.28318530718,0.));
#3272 = VECTOR('',#3273,1.);
#3273 = DIRECTION('',(-0.,-1.));
#3274 = ( GEOMETRIC_REPRESENTATION_CONTEXT(2) 
PARAMETRIC_REPRESENTATION_CONTEXT() REPRESENTATION_CONTEXT('2D SPACE',''
  ) );
#3275 = ORIENTED_EDGE('',*,*,#3276,.T.);
#3276 = EDGE_CURVE('',#3249,#3249,#3277,.T.);
#3277 = SURFACE_CURVE('',#3278,(#3283,#3290),.PCURVE_S1.);
#3278 = CIRCLE('',#3279,0.52);
#3279 = AXIS2_PLACEMENT_3D('',#3280,#3281,#3282);
#3280 = CARTESIAN_POINT('',(10.4775,-2.0955,3.05));
#3281 = DIRECTION('',(0.,0.,1.));
#3282 = DIRECTION('',(1.,0.,0.));
#3283 = PCURVE('',#3257,#3284);
#3284 = DEFINITIONAL_REPRESENTATION('',(#3285),#3289);
#3285 = LINE('',#3286,#3287);
#3286 = CARTESIAN_POINT('',(-0.,-5.84));
#3287 = VECTOR('',#3288,1.);
#3288 = DIRECTION('',(-1.,0.));
#3289 = ( GEOMETRIC_REPRESENTATION_CONTEXT(2) 
PARAMETRIC_REPRESENTATION_CONTEXT() REPRESENTATION_CONTEXT('2D SPACE',''
  ) );
#3290 = PCURVE('',#3291,#3296);
#3291 = PLANE('',#3292);
#3292 = AXIS2_PLACEMENT_3D('',#3293,#3294,#3295);
#3293 = CARTESIAN_POINT('',(10.4775,-2.0955,3.05));
#3294 = DIRECTION('',(0.,0.,1.));
#3295 = DIRECTION('',(1.,0.,-0.));
#3296 = DEFINITIONAL_REPRESENTATION('',(#3297),#3301);
#3297 = CIRCLE('',#3298,0.52);
#3298 = AXIS2_PLACEMENT_2D('',#3299,#3300);
#3299 = CARTESIAN_POINT('',(0.,0.));
#3300 = DIRECTION('',(1.,0.));
#3301 = ( GEOMETRIC_REPRESENTATION_CONTEXT(2) 
PARAMETRIC_REPRESENTATION_CONTEXT() REPRESENTATION_CONTEXT('2D SPACE',''
  ) );
#3302 = ORIENTED_EDGE('',*,*,#3246,.F.);
#3303 = ORIENTED_EDGE('',*,*,#3304,.F.);
#3304 = EDGE_CURVE('',#3247,#3247,#3305,.T.);
#3305 = SURFACE_CURVE('',#3306,(#3311,#3318),.PCURVE_S1.);
#3306 = CIRCLE('',#3307,0.52);
#3307 = AXIS2_PLACEMENT_3D('',#3308,#3309,#3310);
#3308 = CARTESIAN_POINT('',(10.4775,-2.0955,-2.79));
#3309 = DIRECTION('',(0.,0.,1.));
#3310 = DIRECTION('',(1.,0.,0.));
#3311 = PCURVE('',#3257,#3312);
#3312 = DEFINITIONAL_REPRESENTATION('',(#3313),#3317);
#3313 = LINE('',#3314,#3315);
#3314 = CARTESIAN_POINT('',(-0.,0.));
#3315 = VECTOR('',#3316,1.);
#3316 = DIRECTION('',(-1.,0.));
#3317 = ( GEOMETRIC_REPRESENTATION_CONTEXT(2) 
PARAMETRIC_REPRESENTATION_CONTEXT() REPRESENTATION_CONTEXT('2D SPACE',''
  ) );
#3318 = PCURVE('',#3319,#3324);
#3319 = PLANE('',#3320);
#3320 = AXIS2_PLACEMENT_3D('',#3321,#3322,#3323);
#3321 = CARTESIAN_POINT('',(10.4775,-2.0955,-2.79));
#3322 = DIRECTION('',(0.,0.,1.));
#3323 = DIRECTION('',(1.,0.,-0.));
#3324 = DEFINITIONAL_REPRESENTATION('',(#3325),#3329);
#3325 = CIRCLE('',#3326,0.52);
#3326 = AXIS2_PLACEMENT_2D('',#3327,#3328);
#3327 = CARTESIAN_POINT('',(0.,0.));
#3328 = DIRECTION('',(1.,0.));
#3329 = ( GEOMETRIC_REPRESENTATION_CONTEXT(2) 
PARAMETRIC_REPRESENTATION_CONTEXT() REPRESENTATION_CONTEXT('2D SPACE',''
  ) );
#3330 = ADVANCED_FACE('',(#3331),#3319,.F.);
#3331 = FACE_BOUND('',#3332,.F.);
#3332 = EDGE_LOOP('',(#3333));
#3333 = ORIENTED_EDGE('',*,*,#3304,.T.);
#3334 = ADVANCED_FACE('',(#3335),#3291,.T.);
#3335 = FACE_BOUND('',#3336,.T.);
#3336 = EDGE_LOOP('',(#3337));
#3337 = ORIENTED_EDGE('',*,*,#3276,.T.);
#3338 = ( GEOMETRIC_REPRESENTATION_CONTEXT(3) 
GLOBAL_UNCERTAINTY_ASSIGNED_CONTEXT((#3342)) 
GLOBAL_UNIT_ASSIGNED_CONTEXT((#3339,#3340,#3341)) REPRESENTATION_CONTEXT
('Context #1','3D Context with UNIT and UNCERTAINTY') );
#3339 = ( LENGTH_UNIT() NAMED_UNIT(*) SI_UNIT(.MILLI.,.METRE.) );
#3340 = ( NAMED_UNIT(*) PLANE_ANGLE_UNIT() SI_UNIT($,.RADIAN.) );
#3341 = ( NAMED_UNIT(*) SI_UNIT($,.STERADIAN.) SOLID_ANGLE_UNIT() );
#3342 = UNCERTAINTY_MEASURE_WITH_UNIT(LENGTH_MEASURE(1.E-07),#3339,
  'distance_accuracy_value','confusion accuracy');
#3343 = CONTEXT_DEPENDENT_SHAPE_REPRESENTATION(#3344,#3346);
#3344 = ( REPRESENTATION_RELATIONSHIP('','',#3239,#10) 
REPRESENTATION_RELATIONSHIP_WITH_TRANSFORMATION(#3345) 
SHAPE_REPRESENTATION_RELATIONSHIP() );
#3345 = ITEM_DEFINED_TRANSFORMATION('','',#11,#67);
#3346 = PRODUCT_DEFINITION_SHAPE('Placement','Placement of an item',
  #3347);
#3347 = NEXT_ASSEMBLY_USAGE_OCCURRENCE('14',
  'DEUTSCH_DTM13-12P-R005_Horizontal_13','',#5,#3234,$);
#3348 = PRODUCT_RELATED_PRODUCT_CATEGORY('part',$,(#3236));
#3349 = MECHANICAL_DESIGN_GEOMETRIC_PRESENTATION_REPRESENTATION('',(
    #3350),#2168);
#3350 = STYLED_ITEM('color',(#3351),#2070);
#3351 = PRESENTATION_STYLE_ASSIGNMENT((#3352));
#3352 = SURFACE_STYLE_USAGE(.BOTH.,#3353);
#3353 = SURFACE_SIDE_STYLE('',(#3354));
#3354 = SURFACE_STYLE_FILL_AREA(#3355);
#3355 = FILL_AREA_STYLE('',(#3356));
#3356 = FILL_AREA_STYLE_COLOUR('',#3357);
#3357 = COLOUR_RGB('',0.800000010877,0.760000013601,0.620000000292);
#3358 = MECHANICAL_DESIGN_GEOMETRIC_PRESENTATION_REPRESENTATION('',(
    #3359),#1934);
#3359 = STYLED_ITEM('color',(#3360),#954);
#3360 = PRESENTATION_STYLE_ASSIGNMENT((#3361));
#3361 = SURFACE_STYLE_USAGE(.BOTH.,#3362);
#3362 = SURFACE_SIDE_STYLE('',(#3363));
#3363 = SURFACE_STYLE_FILL_AREA(#3364);
#3364 = FILL_AREA_STYLE('',(#3365));
#3365 = FILL_AREA_STYLE_COLOUR('',#3366);
#3366 = COLOUR_RGB('',0.120000001395,0.120000001395,0.120000001395);
#3367 = MECHANICAL_DESIGN_GEOMETRIC_PRESENTATION_REPRESENTATION('',(
    #3368),#935);
#3368 = STYLED_ITEM('color',(#3369),#85);
#3369 = PRESENTATION_STYLE_ASSIGNMENT((#3370));
#3370 = SURFACE_STYLE_USAGE(.BOTH.,#3371);
#3371 = SURFACE_SIDE_STYLE('',(#3372));
#3372 = SURFACE_STYLE_FILL_AREA(#3373);
#3373 = FILL_AREA_STYLE('',(#3374));
#3374 = FILL_AREA_STYLE_COLOUR('',#3366);
#3375 = MECHANICAL_DESIGN_GEOMETRIC_PRESENTATION_REPRESENTATION('',(
    #3376),#2987);
#3376 = STYLED_ITEM('color',(#3377),#2889);
#3377 = PRESENTATION_STYLE_ASSIGNMENT((#3378));
#3378 = SURFACE_STYLE_USAGE(.BOTH.,#3379);
#3379 = SURFACE_SIDE_STYLE('',(#3380));
#3380 = SURFACE_STYLE_FILL_AREA(#3381);
#3381 = FILL_AREA_STYLE('',(#3382));
#3382 = FILL_AREA_STYLE_COLOUR('',#3357);
#3383 = MECHANICAL_DESIGN_GEOMETRIC_PRESENTATION_REPRESENTATION('',(
    #3384),#2519);
#3384 = STYLED_ITEM('color',(#3385),#2421);
#3385 = PRESENTATION_STYLE_ASSIGNMENT((#3386));
#3386 = SURFACE_STYLE_USAGE(.BOTH.,#3387);
#3387 = SURFACE_SIDE_STYLE('',(#3388));
#3388 = SURFACE_STYLE_FILL_AREA(#3389);
#3389 = FILL_AREA_STYLE('',(#3390));
#3390 = FILL_AREA_STYLE_COLOUR('',#3357);
#3391 = MECHANICAL_DESIGN_GEOMETRIC_PRESENTATION_REPRESENTATION('',(
    #3392),#2870);
#3392 = STYLED_ITEM('color',(#3393),#2772);
#3393 = PRESENTATION_STYLE_ASSIGNMENT((#3394));
#3394 = SURFACE_STYLE_USAGE(.BOTH.,#3395);
#3395 = SURFACE_SIDE_STYLE('',(#3396));
#3396 = SURFACE_STYLE_FILL_AREA(#3397);
#3397 = FILL_AREA_STYLE('',(#3398));
#3398 = FILL_AREA_STYLE_COLOUR('',#3357);
#3399 = MECHANICAL_DESIGN_GEOMETRIC_PRESENTATION_REPRESENTATION('',(
    #3400),#2636);
#3400 = STYLED_ITEM('color',(#3401),#2538);
#3401 = PRESENTATION_STYLE_ASSIGNMENT((#3402));
#3402 = SURFACE_STYLE_USAGE(.BOTH.,#3403);
#3403 = SURFACE_SIDE_STYLE('',(#3404));
#3404 = SURFACE_STYLE_FILL_AREA(#3405);
#3405 = FILL_AREA_STYLE('',(#3406));
#3406 = FILL_AREA_STYLE_COLOUR('',#3357);
#3407 = MECHANICAL_DESIGN_GEOMETRIC_PRESENTATION_REPRESENTATION('',(
    #3408),#2285);
#3408 = STYLED_ITEM('color',(#3409),#2187);
#3409 = PRESENTATION_STYLE_ASSIGNMENT((#3410));
#3410 = SURFACE_STYLE_USAGE(.BOTH.,#3411);
#3411 = SURFACE_SIDE_STYLE('',(#3412));
#3412 = SURFACE_STYLE_FILL_AREA(#3413);
#3413 = FILL_AREA_STYLE('',(#3414));
#3414 = FILL_AREA_STYLE_COLOUR('',#3357);
#3415 = MECHANICAL_DESIGN_GEOMETRIC_PRESENTATION_REPRESENTATION('',(
    #3416),#3104);
#3416 = STYLED_ITEM('color',(#3417),#3006);
#3417 = PRESENTATION_STYLE_ASSIGNMENT((#3418));
#3418 = SURFACE_STYLE_USAGE(.BOTH.,#3419);
#3419 = SURFACE_SIDE_STYLE('',(#3420));
#3420 = SURFACE_STYLE_FILL_AREA(#3421);
#3421 = FILL_AREA_STYLE('',(#3422));
#3422 = FILL_AREA_STYLE_COLOUR('',#3357);
#3423 = MECHANICAL_DESIGN_GEOMETRIC_PRESENTATION_REPRESENTATION('',(
    #3424),#2402);
#3424 = STYLED_ITEM('color',(#3425),#2304);
#3425 = PRESENTATION_STYLE_ASSIGNMENT((#3426));
#3426 = SURFACE_STYLE_USAGE(.BOTH.,#3427);
#3427 = SURFACE_SIDE_STYLE('',(#3428));
#3428 = SURFACE_STYLE_FILL_AREA(#3429);
#3429 = FILL_AREA_STYLE('',(#3430));
#3430 = FILL_AREA_STYLE_COLOUR('',#3357);
#3431 = MECHANICAL_DESIGN_GEOMETRIC_PRESENTATION_REPRESENTATION('',(
    #3432),#3221);
#3432 = STYLED_ITEM('color',(#3433),#3123);
#3433 = PRESENTATION_STYLE_ASSIGNMENT((#3434));
#3434 = SURFACE_STYLE_USAGE(.BOTH.,#3435);
#3435 = SURFACE_SIDE_STYLE('',(#3436));
#3436 = SURFACE_STYLE_FILL_AREA(#3437);
#3437 = FILL_AREA_STYLE('',(#3438));
#3438 = FILL_AREA_STYLE_COLOUR('',#3357);
#3439 = MECHANICAL_DESIGN_GEOMETRIC_PRESENTATION_REPRESENTATION('',(
    #3440),#2753);
#3440 = STYLED_ITEM('color',(#3441),#2655);
#3441 = PRESENTATION_STYLE_ASSIGNMENT((#3442));
#3442 = SURFACE_STYLE_USAGE(.BOTH.,#3443);
#3443 = SURFACE_SIDE_STYLE('',(#3444));
#3444 = SURFACE_STYLE_FILL_AREA(#3445);
#3445 = FILL_AREA_STYLE('',(#3446));
#3446 = FILL_AREA_STYLE_COLOUR('',#3357);
#3447 = MECHANICAL_DESIGN_GEOMETRIC_PRESENTATION_REPRESENTATION('',(
    #3448),#2051);
#3448 = STYLED_ITEM('color',(#3449),#1953);
#3449 = PRESENTATION_STYLE_ASSIGNMENT((#3450));
#3450 = SURFACE_STYLE_USAGE(.BOTH.,#3451);
#3451 = SURFACE_SIDE_STYLE('',(#3452));
#3452 = SURFACE_STYLE_FILL_AREA(#3453);
#3453 = FILL_AREA_STYLE('',(#3454));
#3454 = FILL_AREA_STYLE_COLOUR('',#3357);
#3455 = MECHANICAL_DESIGN_GEOMETRIC_PRESENTATION_REPRESENTATION('',(
    #3456),#3338);
#3456 = STYLED_ITEM('color',(#3457),#3240);
#3457 = PRESENTATION_STYLE_ASSIGNMENT((#3458));
#3458 = SURFACE_STYLE_USAGE(.BOTH.,#3459);
#3459 = SURFACE_SIDE_STYLE('',(#3460));
#3460 = SURFACE_STYLE_FILL_AREA(#3461);
#3461 = FILL_AREA_STYLE('',(#3462));
#3462 = FILL_AREA_STYLE_COLOUR('',#3357);
ENDSEC;
END-ISO-10303-21;
